series,real_E,imaginary_E
clean,-5.9823948071,-3.99413160237
clean,-5.9823948071,-0.00586839763252
clean,-5.975054129,-3.97200026979
clean,-5.975054129,-3.97200026979
clean,-5.975054129,-0.0279997302098
clean,-5.975054129,-0.0279997302098
clean,-5.9535118976,-3.90573270276
clean,-5.9535118976,-3.90573270276
clean,-5.9535118976,-0.0942672972362
clean,-5.9535118976,-0.0942672972362
clean,-5.92968254268,-3.97656084756
clean,-5.92968254268,-0.0234391524393
clean,-5.922406545,-3.95462451927
clean,-5.922406545,-3.95462451927
clean,-5.922406545,-0.0453754807261
clean,-5.922406545,-0.0453754807261
clean,-5.91922237739,-3.79574685648
clean,-5.91922237739,-3.79574685648
clean,-5.91922237739,-0.204253143518
clean,-5.91922237739,-0.204253143518
clean,-5.90105412718,-3.88894085111
clean,-5.90105412718,-3.88894085111
clean,-5.90105412718,-0.111059148891
clean,-5.90105412718,-0.111059148891
clean,-5.87465099375,-3.64287477244
clean,-5.87465099375,-3.64287477244
clean,-5.87465099375,-0.35712522756
clean,-5.87465099375,-0.35712522756
clean,-5.86706673986,-3.77992411556
clean,-5.86706673986,-3.77992411556
clean,-5.86706673986,-0.220075884441
clean,-5.86706673986,-0.220075884441
clean,-5.84217254327,-3.94739084776
clean,-5.84217254327,-0.0526091522444
clean,-5.83500392444,-3.92577825486
clean,-5.83500392444,-3.92577825486
clean,-5.83500392444,-0.0742217451438
clean,-5.83500392444,-0.0742217451438
clean,-5.82330562397,-3.44858607259
clean,-5.82330562397,-0.551413927408
clean,-5.82330562397,-0.551413927408
clean,-5.82330562397,-3.44858607259
clean,-5.82288808499,-3.62839902281
clean,-5.82288808499,-3.62839902281
clean,-5.82288808499,-0.37160097719
clean,-5.82288808499,-0.37160097719
clean,-5.81396662468,-3.86106394344
clean,-5.81396662468,-3.86106394344
clean,-5.81396662468,-0.138936056565
clean,-5.81396662468,-0.138936056565
clean,-5.78048082177,-3.75365607217
clean,-5.78048082177,-3.75365607217
clean,-5.78048082177,-0.246343927829
clean,-5.78048082177,-0.246343927829
clean,-5.77199513114,-3.43582224564
clean,-5.77199513114,-0.564177754363
clean,-5.77199513114,-0.564177754363
clean,-5.77199513114,-3.43582224564
clean,-5.76970634997,-3.21532900252
clean,-5.76970634997,-3.21532900252
clean,-5.76970634997,-0.784670997483
clean,-5.76970634997,-0.784670997483
clean,-5.73695415358,-3.60436718021
clean,-5.73695415358,-3.60436718021
clean,-5.73695415358,-0.39563281979
clean,-5.73695415358,-0.39563281979
clean,-5.72037835233,-3.90679278411
clean,-5.72037835233,-0.0932072158901
clean,-5.7192006337,-2.94697893747
clean,-5.7192006337,-2.94697893747
clean,-5.7192006337,-1.05302106253
clean,-5.7192006337,-1.05302106253
clean,-5.71886813274,-3.20462045756
clean,-5.71886813274,-3.20462045756
clean,-5.71886813274,-0.79537954244
clean,-5.71886813274,-0.79537954244
clean,-5.71335918067,-3.88563075789
clean,-5.71335918067,-3.88563075789
clean,-5.71335918067,-0.114369242113
clean,-5.71335918067,-0.114369242113
clean,-5.69276045421,-3.82226557252
clean,-5.69276045421,-3.82226557252
clean,-5.69276045421,-0.177734427478
clean,-5.69276045421,-0.177734427478
clean,-5.68681227575,-3.41463244282
clean,-5.68681227575,-0.585367557185
clean,-5.68681227575,-0.585367557185
clean,-5.68681227575,-3.41463244282
clean,-5.67750764305,-1.35068785901
clean,-5.67750764305,-2.64931214099
clean,-5.67750764305,-2.64931214099
clean,-5.67750764305,-1.35068785901
clean,-5.66880743402,-2.93863488701
clean,-5.66880743402,-2.93863488701
clean,-5.66880743402,-1.06136511299
clean,-5.66880743402,-1.06136511299
clean,-5.6599727437,-3.71709687764
clean,-5.6599727437,-3.71709687764
clean,-5.6599727437,-0.28290312236
clean,-5.6599727437,-0.28290312236
clean,-5.64991948119,-2.33030798277
clean,-5.64991948119,-2.33030798277
clean,-5.64991948119,-1.66969201723
clean,-5.64991948119,-1.66969201723
clean,-5.64025591445,-2
clean,-5.64025591445,-2
clean,-5.6344693233,-3.18684272076
clean,-5.6344693233,-3.18684272076
clean,-5.6344693233,-0.813157279237
clean,-5.6344693233,-0.813157279237
clean,-5.62748180996,-1.35640909848
clean,-5.62748180996,-2.64359090152
clean,-5.62748180996,-2.64359090152
clean,-5.62748180996,-1.35640909848
clean,-5.617353494,-3.57092027305
clean,-5.617353494,-3.57092027305
clean,-5.617353494,-0.429079726952
clean,-5.617353494,-0.429079726952
clean,-5.60013673377,-2.32739756273
clean,-5.60013673377,-2.32739756273
clean,-5.60013673377,-1.67260243727
clean,-5.60013673377,-1.67260243727
clean,-5.59055831495,-2
clean,-5.59055831495,-2
clean,-5.58514741821,-2.9247825538
clean,-5.58514741821,-2.9247825538
clean,-5.58514741821,-1.0752174462
clean,-5.58514741821,-1.0752174462
clean,-5.56825694466,-3.38514101431
clean,-5.56825694466,-0.614858985685
clean,-5.56825694466,-0.614858985685
clean,-5.56825694466,-3.38514101431
clean,-5.56501470661,-3.8550049022
clean,-5.56501470661,-0.144995097796
clean,-5.55818617341,-3.83441762984
clean,-5.55818617341,-3.83441762984
clean,-5.55818617341,-0.165582370158
clean,-5.55818617341,-0.165582370158
clean,-5.54443167593,-1.36590718527
clean,-5.54443167593,-2.63409281473
clean,-5.54443167593,-2.63409281473
clean,-5.54443167593,-1.36590718527
clean,-5.53814690177,-3.77277342264
clean,-5.53814690177,-3.77277342264
clean,-5.53814690177,-0.227226577363
clean,-5.53814690177,-0.227226577363
clean,-5.5174901572,-2.32256584361
clean,-5.5174901572,-2.32256584361
clean,-5.5174901572,-1.67743415639
clean,-5.5174901572,-1.67743415639
clean,-5.51700520742,-3.16210011895
clean,-5.51700520742,-3.16210011895
clean,-5.51700520742,-0.837899881047
clean,-5.51700520742,-0.837899881047
clean,-5.50805309627,-2
clean,-5.50805309627,-2
clean,-5.50624969499,-3.67046107586
clean,-5.50624969499,-3.67046107586
clean,-5.50624969499,-0.329538924142
clean,-5.50624969499,-0.329538924142
clean,-5.46871153652,-2.90550322884
clean,-5.46871153652,-2.90550322884
clean,-5.46871153652,-1.09449677116
clean,-5.46871153652,-1.09449677116
clean,-5.46478797047,-3.52825458107
clean,-5.46478797047,-3.52825458107
clean,-5.46478797047,-0.471745418925
clean,-5.46478797047,-0.471745418925
clean,-5.42884461219,-1.37912638083
clean,-5.42884461219,-2.62087361917
clean,-5.42884461219,-2.62087361917
clean,-5.42884461219,-1.37912638083
clean,-5.41702486771,-3.34752102757
clean,-5.41702486771,-0.652478972435
clean,-5.41702486771,-0.652478972435
clean,-5.41702486771,-3.34752102757
clean,-5.40246475446,-2.31584117986
clean,-5.40246475446,-2.31584117986
clean,-5.40246475446,-1.68415882014
clean,-5.40246475446,-1.68415882014
clean,-5.39322443185,-2
clean,-5.39322443185,-2
clean,-5.37699334177,-3.79233111392
clean,-5.37699334177,-0.207668886078
clean,-5.37039551957,-3.77243940972
clean,-5.37039551957,-3.77243940972
clean,-5.37039551957,-0.227560590278
clean,-5.37039551957,-0.227560590278
clean,-5.36716511125,-3.13053785156
clean,-5.36716511125,-3.13053785156
clean,-5.36716511125,-0.869462148444
clean,-5.36716511125,-0.869462148444
clean,-5.35103330117,-3.7128779334
clean,-5.35103330117,-3.7128779334
clean,-5.35103330117,-0.287122066604
clean,-5.35103330117,-0.287122066604
clean,-5.3202137836,-3.61402234425
clean,-5.3202137836,-3.61402234425
clean,-5.3202137836,-0.385977655748
clean,-5.3202137836,-0.385977655748
clean,-5.320183081,-2.88091005088
clean,-5.320183081,-2.88091005088
clean,-5.320183081,-1.11908994912
clean,-5.320183081,-1.11908994912
clean,-5.28139892957,-1.39598910966
clean,-5.28139892957,-2.60401089034
clean,-5.28139892957,-2.60401089034
clean,-5.28139892957,-1.39598910966
clean,-5.28015289815,-3.47662048354
clean,-5.28015289815,-3.47662048354
clean,-5.28015289815,-0.523379516464
clean,-5.28015289815,-0.523379516464
clean,-5.25573554034,-2.30726303447
clean,-5.25573554034,-2.30726303447
clean,-5.25573554034,-1.69273696553
clean,-5.25573554034,-1.69273696553
clean,-5.24674618193,-2
clean,-5.24674618193,-2
clean,-5.23400353484,-3.30199325161
clean,-5.23400353484,-0.698006748392
clean,-5.23400353484,-0.698006748392
clean,-5.23400353484,-3.30199325161
clean,-5.18582835604,-3.09234113851
clean,-5.18582835604,-3.09234113851
clean,-5.18582835604,-0.907658861493
clean,-5.18582835604,-0.907658861493
clean,-5.15741764192,-3.71913921397
clean,-5.15741764192,-0.280860786026
clean,-5.15108924937,-3.70005981037
clean,-5.15108924937,-3.70005981037
clean,-5.15108924937,-0.299940189635
clean,-5.15108924937,-0.299940189635
clean,-5.14043367568,-2.85114734245
clean,-5.14043367568,-2.85114734245
clean,-5.14043367568,-1.14885265755
clean,-5.14043367568,-1.14885265755
clean,-5.1325177094,-3.64293059535
clean,-5.1325177094,-3.64293059535
clean,-5.1325177094,-0.357069404655
clean,-5.1325177094,-0.357069404655
clean,-5.10295989798,-1.41639641458
clean,-5.10295989798,-2.58360358542
clean,-5.10295989798,-2.58360358542
clean,-5.10295989798,-1.41639641458
clean,-5.10295674224,-3.54811188774
clean,-5.10295674224,-3.54811188774
clean,-5.10295674224,-0.451888112257
clean,-5.10295674224,-0.451888112257
clean,-5.07816358021,-2.29688174742
clean,-5.07816358021,-2.29688174742
clean,-5.07816358021,-1.70311825258
clean,-5.07816358021,-1.70311825258
clean,-5.06947793914,-2
clean,-5.06947793914,-2
clean,-5.06453178907,-3.41632098985
clean,-5.06453178907,-3.41632098985
clean,-5.06453178907,-0.583679010153
clean,-5.06453178907,-0.583679010153
clean,-5.02026698802,-3.24882486154
clean,-5.02026698802,-0.751175138465
clean,-5.02026698802,-0.751175138465
clean,-5.02026698802,-3.24882486154
clean,-4.97405909799,-3.04773413331
clean,-4.97405909799,-3.04773413331
clean,-4.97405909799,-0.952265866693
clean,-4.97405909799,-0.952265866693
clean,-4.93051816154,-2.81638976298
clean,-4.93051816154,-2.81638976298
clean,-4.93051816154,-1.18361023702
clean,-4.93051816154,-1.18361023702
clean,-4.9075761646,-3.63585872153
clean,-4.9075761646,-0.364141278467
clean,-4.90155433922,-3.61770358404
clean,-4.90155433922,-3.61770358404
clean,-4.90155433922,-0.382296415957
clean,-4.90155433922,-0.382296415957
clean,-4.8945746686,-1.4402285374
clean,-4.8945746686,-2.5597714626
clean,-4.8945746686,-2.5597714626
clean,-4.8945746686,-1.4402285374
clean,-4.88388246286,-3.56334188728
clean,-4.88388246286,-3.56334188728
clean,-4.88388246286,-0.436658112721
clean,-4.88388246286,-0.436658112721
clean,-4.87079093696,-2.28475824023
clean,-4.87079093696,-2.28475824023
clean,-4.87079093696,-1.71524175977
clean,-4.87079093696,-1.71524175977
clean,-4.86245998402,-2
clean,-4.86245998402,-2
clean,-4.85575352161,-3.4731164951
clean,-4.85575352161,-3.4731164951
clean,-4.85575352161,-0.526883504903
clean,-4.85575352161,-0.526883504903
clean,-4.81918999362,-3.34770996142
clean,-4.81918999362,-3.34770996142
clean,-4.81918999362,-0.652290038585
clean,-4.81918999362,-0.652290038585
clean,-4.77706951829,-3.1883278706
clean,-4.77706951829,-0.811672129398
clean,-4.77706951829,-0.811672129398
clean,-4.77706951829,-3.1883278706
clean,-4.7331000833,-2.9969786076
clean,-4.7331000833,-2.9969786076
clean,-4.7331000833,-1.0030213924
clean,-4.7331000833,-1.0030213924
clean,-4.6916684063,-2.77684128376
clean,-4.6916684063,-2.77684128376
clean,-4.6916684063,-1.22315871624
clean,-4.6916684063,-1.22315871624
clean,-4.65746612883,-1.46734562174
clean,-4.65746612883,-2.53265437826
clean,-4.65746612883,-2.53265437826
clean,-4.65746612883,-1.46734562174
clean,-4.6348345557,-2.27096365845
clean,-4.6348345557,-2.27096365845
clean,-4.6348345557,-1.72903634155
clean,-4.6348345557,-1.72903634155
clean,-4.62893507893,-3.54297835964
clean,-4.62893507893,-0.457021640356
clean,-4.62690718024,-2
clean,-4.62690718024,-2
clean,-4.62325515919,-3.52585402984
clean,-4.62325515919,-3.52585402984
clean,-4.62325515919,-0.474145970163
clean,-4.62325515919,-0.474145970163
clean,-4.60658665204,-3.47457886738
clean,-4.60658665204,-3.47457886738
clean,-4.60658665204,-0.525421132618
clean,-4.60658665204,-0.525421132618
clean,-4.58005480852,-3.3894762691
clean,-4.58005480852,-3.3894762691
clean,-4.58005480852,-0.610523730901
clean,-4.58005480852,-0.610523730901
clean,-4.54556727503,-3.27119003504
clean,-4.54556727503,-3.27119003504
clean,-4.54556727503,-0.728809964964
clean,-4.54556727503,-0.728809964964
clean,-4.50583830511,-3.12085729921
clean,-4.50583830511,-0.879142700794
clean,-4.50583830511,-0.879142700794
clean,-4.50583830511,-3.12085729921
clean,-4.46436535529,-2.94037241499
clean,-4.46436535529,-2.94037241499
clean,-4.46436535529,-1.05962758501
clean,-4.46436535529,-1.05962758501
clean,-4.42528607529,-2.73273399099
clean,-4.42528607529,-2.73273399099
clean,-4.42528607529,-1.26726600901
clean,-4.42528607529,-1.26726600901
clean,-4.39302572586,-1.49758853377
clean,-4.39302572586,-2.50241146623
clean,-4.39302572586,-2.50241146623
clean,-4.39302572586,-1.49758853377
clean,-4.37167912231,-2.25557895418
clean,-4.37167912231,-2.25557895418
clean,-4.37167912231,-1.74442104582
clean,-4.37167912231,-1.74442104582
clean,-4.36420184531,-2
clean,-4.36420184531,-2
clean,-4.3231295616,-3.4410431872
clean,-4.3231295616,-0.558956812798
clean,-4.31782487953,-3.42505015746
clean,-4.31782487953,-3.42505015746
clean,-4.31782487953,-0.574949842544
clean,-4.31782487953,-0.574949842544
clean,-4.30225755902,-3.37716243235
clean,-4.30225755902,-3.37716243235
clean,-4.30225755902,-0.622837567649
clean,-4.30225755902,-0.622837567649
clean,-4.27747851263,-3.29768204385
clean,-4.27747851263,-3.29768204385
clean,-4.27747851263,-0.702317956147
clean,-4.27747851263,-0.702317956147
clean,-4.2452693602,-3.18721026006
clean,-4.2452693602,-3.18721026006
clean,-4.2452693602,-0.812789739935
clean,-4.2452693602,-0.812789739935
clean,-4.20816504109,-3.04680909149
clean,-4.20816504109,-0.953190908511
clean,-4.20816504109,-0.953190908511
clean,-4.20816504109,-3.04680909149
clean,-4.1694319562,-2.87824774313
clean,-4.1694319562,-2.87824774313
clean,-4.1694319562,-1.12175225687
clean,-4.1694319562,-1.12175225687
clean,-4.13293440596,-2.6843267238
clean,-4.13293440596,-2.6843267238
clean,-4.13293440596,-1.3156732762
clean,-4.13293440596,-1.3156732762
clean,-4.10280530111,-2.46922020394
clean,-4.10280530111,-2.46922020394
clean,-4.10280530111,-1.53077979606
clean,-4.10280530111,-1.53077979606
clean,-4.08286893751,-2.23869441098
clean,-4.08286893751,-2.23869441098
clean,-4.08286893751,-1.76130558902
clean,-4.08286893751,-1.76130558902
clean,-4.07588563861,-2
clean,-4.07588563861,-2
clean,-3.99195420099,-3.33065140033
clean,-3.99195420099,-0.669348599669
clean,-3.98705588657,-3.3158835241
clean,-3.98705588657,-3.3158835241
clean,-3.98705588657,-0.684116475896
clean,-3.98705588657,-0.684116475896
clean,-3.97268110792,-3.27166426056
clean,-3.97268110792,-3.27166426056
clean,-3.97268110792,-0.728335739437
clean,-3.97268110792,-0.728335739437
clean,-3.94980027196,-3.19827250437
clean,-3.94980027196,-3.19827250437
clean,-3.94980027196,-0.801727495627
clean,-3.94980027196,-0.801727495627
clean,-3.92005851671,-3.09626346321
clean,-3.92005851671,-3.09626346321
clean,-3.92005851671,-0.903736536786
clean,-3.92005851671,-0.903736536786
clean,-3.88579659131,-2.96661779178
clean,-3.88579659131,-1.03338220822
clean,-3.88579659131,-1.03338220822
clean,-3.88579659131,-2.96661779178
clean,-3.85003067248,-2.81096916429
clean,-3.85003067248,-2.81096916429
clean,-3.85003067248,-1.18903083571
clean,-3.85003067248,-1.18903083571
clean,-3.81632903414,-2.63190355528
clean,-3.81632903414,-2.63190355528
clean,-3.81632903414,-1.36809644472
clean,-3.81632903414,-1.36809644472
clean,-3.78850798345,-1.56672462909
clean,-3.78850798345,-2.43327537091
clean,-3.78850798345,-2.43327537091
clean,-3.78850798345,-1.56672462909
clean,-3.7700988543,-2.22040911407
clean,-3.7700988543,-2.22040911407
clean,-3.7700988543,-1.77959088593
clean,-3.7700988543,-1.77959088593
clean,-3.76365051428,-2
clean,-3.76365051428,-2
clean,-3.6373524658,-3.21245082193
clean,-3.6373524658,-0.787549178067
clean,-3.63288926428,-3.19899476299
clean,-3.63288926428,-3.19899476299
clean,-3.63288926428,-0.801005237006
clean,-3.63288926428,-0.801005237006
clean,-3.61979138441,-3.15870345724
clean,-3.61979138441,-3.15870345724
clean,-3.61979138441,-0.841296542762
clean,-3.61979138441,-0.841296542762
clean,-3.59894303273,-3.09183102537
clean,-3.59894303273,-3.09183102537
clean,-3.59894303273,-0.908168974635
clean,-3.59894303273,-0.908168974635
clean,-3.5718432111,-2.99888335645
clean,-3.5718432111,-2.99888335645
clean,-3.5718432111,-1.00111664355
clean,-3.5718432111,-1.00111664355
clean,-3.540624742,-2.88075399451
clean,-3.540624742,-1.11924600549
clean,-3.540624742,-1.11924600549
clean,-3.540624742,-2.88075399451
clean,-3.50803587789,-2.73893149593
clean,-3.50803587789,-2.73893149593
clean,-3.50803587789,-1.26106850407
clean,-3.50803587789,-1.26106850407
clean,-3.47732792605,-2.57577212543
clean,-3.47732792605,-2.57577212543
clean,-3.47732792605,-1.42422787457
clean,-3.47732792605,-1.42422787457
clean,-3.45197819451,-1.60521209428
clean,-3.45197819451,-2.39478790572
clean,-3.45197819451,-2.39478790572
clean,-3.45197819451,-1.60521209428
clean,-3.4352043319,-2.20083036883
clean,-3.4352043319,-2.20083036883
clean,-3.4352043319,-1.79916963117
clean,-3.4352043319,-1.79916963117
clean,-3.42932879218,-2
clean,-3.42932879218,-2
clean,-3.26140530001,-3.0871351
clean,-3.26140530001,-0.912864899998
clean,-3.25740340324,-3.07506982386
clean,-3.25740340324,-3.07506982386
clean,-3.25740340324,-0.924930176144
clean,-3.25740340324,-0.924930176144
clean,-3.24565928572,-3.03894292129
clean,-3.24565928572,-3.03894292129
clean,-3.24565928572,-0.961057078712
clean,-3.24565928572,-0.961057078712
clean,-3.22696576472,-2.97898224775
clean,-3.22696576472,-2.97898224775
clean,-3.22696576472,-1.02101775225
clean,-3.22696576472,-1.02101775225
clean,-3.20266690924,-2.89564140496
clean,-3.20266690924,-2.89564140496
clean,-3.20266690924,-1.10435859504
clean,-3.20266690924,-1.10435859504
clean,-3.17467509885,-2.78972158258
clean,-3.17467509885,-1.21027841742
clean,-3.17467509885,-1.21027841742
clean,-3.17467509885,-2.78972158258
clean,-3.14545453385,-2.66255748373
clean,-3.14545453385,-2.66255748373
clean,-3.14545453385,-1.33744251627
clean,-3.14545453385,-1.33744251627
clean,-3.11792047499,-2.51626183581
clean,-3.11792047499,-2.51626183581
clean,-3.11792047499,-1.48373816419
clean,-3.11792047499,-1.48373816419
clean,-3.0951908249,-1.64601633188
clean,-3.0951908249,-2.35398366812
clean,-3.0951908249,-2.35398366812
clean,-3.0951908249,-1.64601633188
clean,-3.08015066453,-2.18007307113
clean,-3.08015066453,-2.18007307113
clean,-3.08015066453,-1.81992692887
clean,-3.08015066453,-1.81992692887
clean,-3.07488240511,-2
clean,-3.07488240511,-2
clean,-2.86631891107,-2.95543963702
clean,-2.86631891107,-1.04456036298
clean,-2.86280180377,-2.94483594751
clean,-2.86280180377,-2.94483594751
clean,-2.86280180377,-1.05516405249
clean,-2.86280180377,-1.05516405249
clean,-2.85248036775,-2.91308545516
clean,-2.85248036775,-2.91308545516
clean,-2.85248036775,-1.08691454484
clean,-2.85248036775,-1.08691454484
clean,-2.83605137846,-2.86038841304
clean,-2.83605137846,-2.86038841304
clean,-2.83605137846,-1.13961158696
clean,-2.83605137846,-1.13961158696
clean,-2.81469608448,-2.78714347358
clean,-2.81469608448,-2.78714347358
clean,-2.81469608448,-1.21285652642
clean,-2.81469608448,-1.21285652642
clean,-2.79009519986,-2.69405477038
clean,-2.79009519986,-1.30594522962
clean,-2.79009519986,-1.30594522962
clean,-2.79009519986,-2.69405477038
clean,-2.76441441187,-2.58229532076
clean,-2.76441441187,-2.58229532076
clean,-2.76441441187,-1.41770467924
clean,-2.76441441187,-1.41770467924
clean,-2.7402158268,-2.45372191645
clean,-2.7402158268,-2.45372191645
clean,-2.7402158268,-1.54627808355
clean,-2.7402158268,-1.54627808355
clean,-2.72023964479,-1.6888978864
clean,-2.72023964479,-2.3111021136
clean,-2.72023964479,-2.3111021136
clean,-2.72023964479,-1.6888978864
clean,-2.70702144829,-2.15825903305
clean,-2.70702144829,-2.15825903305
clean,-2.70702144829,-1.84174096695
clean,-2.70702144829,-1.84174096695
clean,-2.70239138542,-2
clean,-2.70239138542,-2
clean,-2.45441182303,-2.81813727434
clean,-2.45441182303,-1.18186272566
clean,-2.45140014498,-2.80905739812
clean,-2.45140014498,-2.80905739812
clean,-2.45140014498,-1.19094260188
clean,-2.45140014498,-1.19094260188
clean,-2.44256196075,-2.78186964051
clean,-2.44256196075,-2.78186964051
clean,-2.44256196075,-1.21813035949
clean,-2.44256196075,-1.21813035949
clean,-2.42849391501,-2.73674547699
clean,-2.42849391501,-2.73674547699
clean,-2.42849391501,-1.26325452301
clean,-2.42849391501,-1.26325452301
clean,-2.41020750388,-2.67402627129
clean,-2.41020750388,-2.67402627129
clean,-2.41020750388,-1.32597372871
clean,-2.41020750388,-1.32597372871
clean,-2.3891419128,-2.59431496882
clean,-2.3891419128,-1.40568503118
clean,-2.3891419128,-1.40568503118
clean,-2.3891419128,-2.59431496882
clean,-2.3671516069,-2.4986160173
clean,-2.3671516069,-2.4986160173
clean,-2.3671516069,-1.5013839827
clean,-2.3671516069,-1.5013839827
clean,-2.34643050254,-2.38851937648
clean,-2.34643050254,-2.38851937648
clean,-2.34643050254,-1.61148062352
clean,-2.34643050254,-1.61148062352
clean,-2.32932501678,-1.73360511182
clean,-2.32932501678,-2.26639488818
clean,-2.32932501678,-2.26639488818
clean,-2.32932501678,-1.73360511182
clean,-2.3180063538,-2.13551626803
clean,-2.3180063538,-2.13551626803
clean,-2.3180063538,-1.86448373197
clean,-2.3180063538,-1.86448373197
clean,-2.31404165852,-2
clean,-2.31404165852,-2
clean,-2.02810127045,-2.67603375682
clean,-2.02810127045,-1.32396624318
clean,-2.02561269538,-2.66853097822
clean,-2.02561269538,-2.66853097822
clean,-2.02561269538,-1.33146902178
clean,-2.02561269538,-1.33146902178
clean,-2.01830962892,-2.64606550391
clean,-2.01830962892,-2.64606550391
clean,-2.01830962892,-1.35393449609
clean,-2.01830962892,-1.35393449609
clean,-2.00668508361,-2.60877902554
clean,-2.00668508361,-2.60877902554
clean,-2.00668508361,-1.39122097446
clean,-2.00668508361,-1.39122097446
clean,-1.99157486727,-2.55695361483
clean,-1.99157486727,-2.55695361483
clean,-1.99157486727,-1.44304638517
clean,-1.99157486727,-1.44304638517
clean,-1.974168191,-2.4910874907
clean,-1.974168191,-1.5089125093
clean,-1.974168191,-1.5089125093
clean,-1.974168191,-2.4910874907
clean,-1.95599741505,-2.41201063679
clean,-1.95599741505,-2.41201063679
clean,-1.95599741505,-1.58798936321
clean,-1.95599741505,-1.58798936321
clean,-1.93887539107,-2.32103685031
clean,-1.93887539107,-2.32103685031
clean,-1.93887539107,-1.67896314969
clean,-1.93887539107,-1.67896314969
clean,-1.92474098336,-1.77987564838
clean,-1.92474098336,-2.22012435162
clean,-1.92474098336,-2.22012435162
clean,-1.92474098336,-1.77987564838
clean,-1.91538827631,-2.11197823967
clean,-1.91538827631,-2.11197823967
clean,-1.91538827631,-1.88802176033
clean,-1.91538827631,-1.88802176033
clean,-1.91211221503,-2
clean,-1.91211221503,-2
clean,-1.58988901318,-2.52996300439
clean,-1.58988901318,-1.47003699561
clean,-1.58793814504,-2.52408135271
clean,-1.58793814504,-2.52408135271
clean,-1.58793814504,-1.47591864729
clean,-1.58793814504,-1.47591864729
clean,-1.58221305364,-2.50646999803
clean,-1.58221305364,-2.50646999803
clean,-1.58221305364,-1.49353000197
clean,-1.58221305364,-1.49353000197
clean,-1.57310022622,-2.47724001669
clean,-1.57310022622,-2.47724001669
clean,-1.57310022622,-1.52275998331
clean,-1.57310022622,-1.52275998331
clean,-1.56125487742,-2.4366125331
clean,-1.56125487742,-2.4366125331
clean,-1.56125487742,-1.5633874669
clean,-1.56125487742,-1.5633874669
clean,-1.54760926526,-2.38497811591
clean,-1.54760926526,-1.61502188409
clean,-1.54760926526,-1.61502188409
clean,-1.54760926526,-2.38497811591
clean,-1.5333646526,-2.32298741404
clean,-1.5333646526,-2.32298741404
clean,-1.5333646526,-1.67701258596
clean,-1.5333646526,-1.67701258596
clean,-1.51994218785,-2.25167035225
clean,-1.51994218785,-2.25167035225
clean,-1.51994218785,-1.74832964775
clean,-1.51994218785,-1.74832964775
clean,-1.50886180451,-1.82743796216
clean,-1.50886180451,-2.17256203784
clean,-1.50886180451,-2.17256203784
clean,-1.50886180451,-1.82743796216
clean,-1.50152993879,-2.08778307847
clean,-1.50152993879,-2.08778307847
clean,-1.50152993879,-1.91221692153
clean,-1.50152993879,-1.91221692153
clean,-1.49896173674,-2
clean,-1.49896173674,-2
clean,-1.14234665499,-2.38078221833
clean,-1.14234665499,-1.61921778167
clean,-1.14094494224,-2.37655620942
clean,-1.14094494224,-2.37655620942
clean,-1.14094494224,-1.62344379058
clean,-1.14094494224,-1.62344379058
clean,-1.13683142302,-2.36390232482
clean,-1.13683142302,-2.36390232482
clean,-1.13683142302,-1.63609767518
clean,-1.13683142302,-1.63609767518
clean,-1.13028379119,-2.34290037366
clean,-1.13028379119,-2.34290037366
clean,-1.13028379119,-1.65709962634
clean,-1.13028379119,-1.65709962634
clean,-1.12177282315,-2.31370923541
clean,-1.12177282315,-2.31370923541
clean,-1.12177282315,-1.68629076459
clean,-1.12177282315,-1.68629076459
clean,-1.11196835298,-2.27660953646
clean,-1.11196835298,-1.72339046354
clean,-1.11196835298,-1.72339046354
clean,-1.11196835298,-2.27660953646
clean,-1.10173349665,-2.23206877271
clean,-1.10173349665,-2.23206877271
clean,-1.10173349665,-1.76793122729
clean,-1.10173349665,-1.76793122729
clean,-1.09208935949,-2.18082695249
clean,-1.09208935949,-2.18082695249
clean,-1.09208935949,-1.81917304751
clean,-1.09208935949,-1.81917304751
clean,-1.08412802462,-2.12398706141
clean,-1.08412802462,-2.12398706141
clean,-1.08412802462,-1.87601293859
clean,-1.08412802462,-1.87601293859
clean,-1.07886002653,-2.06307277126
clean,-1.07886002653,-2.06307277126
clean,-1.07886002653,-1.93692722874
clean,-1.07886002653,-1.93692722874
clean,-1.07701475494,-2
clean,-1.07701475494,-2
clean,-0.68810055239,-2.2293668508
clean,-0.68810055239,-1.7706331492
clean,-0.687256220845,-2.22682128457
clean,-0.687256220845,-2.22682128457
clean,-0.687256220845,-1.77317871543
clean,-0.687256220845,-1.77317871543
clean,-0.684778413577,-2.21919912807
clean,-0.684778413577,-2.21919912807
clean,-0.684778413577,-1.78080087193
clean,-0.684778413577,-1.78080087193
clean,-0.680834401429,-2.20654845488
clean,-0.680834401429,-2.20654845488
clean,-0.680834401429,-1.79345154512
clean,-0.680834401429,-1.79345154512
clean,-0.675707759893,-2.18896496719
clean,-0.675707759893,-2.18896496719
clean,-0.675707759893,-1.81103503281
clean,-0.675707759893,-1.81103503281
clean,-0.669801968241,-2.16661770225
clean,-0.669801968241,-1.83338229775
clean,-0.669801968241,-1.83338229775
clean,-0.669801968241,-2.16661770225
clean,-0.663636930453,-2.13978825954
clean,-0.663636930453,-2.13978825954
clean,-0.663636930453,-1.86021174046
clean,-0.663636930453,-1.86021174046
clean,-0.65782771652,-2.10892238827
clean,-0.65782771652,-2.10892238827
clean,-0.65782771652,-1.89107761173
clean,-0.65782771652,-1.89107761173
clean,-0.653032150394,-1.92531552041
clean,-0.653032150394,-2.07468447959
clean,-0.653032150394,-2.07468447959
clean,-0.653032150394,-1.92531552041
clean,-0.649858934645,-2.03799232794
clean,-0.649858934645,-2.03799232794
clean,-0.649858934645,-1.96200767206
clean,-0.649858934645,-1.96200767206
clean,-0.648747422311,-2
clean,-0.648747422311,-2
clean,-0.22981640214,-2.07660546738
clean,-0.22981640214,-1.92339453262
clean,-0.229534406671,-2.07575528223
clean,-0.229534406671,-2.07575528223
clean,-0.229534406671,-1.92424471777
clean,-0.229534406671,-1.92424471777
clean,-0.228706852109,-2.07320958367
clean,-0.228706852109,-2.07320958367
clean,-0.228706852109,-1.92679041633
clean,-0.228706852109,-1.92679041633
clean,-0.227389604682,-2.06898442764
clean,-0.227389604682,-2.06898442764
clean,-0.227389604682,-1.93101557236
clean,-0.227389604682,-1.93101557236
clean,-0.225677374822,-2.0631117774
clean,-0.225677374822,-2.0631117774
clean,-0.225677374822,-1.9368882226
clean,-0.225677374822,-1.9368882226
clean,-0.22370491922,-2.05564808912
clean,-0.22370491922,-1.94435191088
clean,-0.22370491922,-1.94435191088
clean,-0.22370491922,-2.05564808912
clean,-0.221645878868,-2.04668741328
clean,-0.221645878868,-2.04668741328
clean,-0.221645878868,-1.95331258672
clean,-0.221645878868,-1.95331258672
clean,-0.219705678936,-2.03637862417
clean,-0.219705678936,-2.03637862417
clean,-0.219705678936,-1.96362137583
clean,-0.219705678936,-1.96362137583
clean,-0.218104023844,-1.97505638044
clean,-0.218104023844,-2.02494361956
clean,-0.218104023844,-2.02494361956
clean,-0.218104023844,-1.97505638044
clean,-0.217044212129,-2.01268893054
clean,-0.217044212129,-2.01268893054
clean,-0.217044212129,-1.98731106946
clean,-0.217044212129,-1.98731106946
clean,-0.216672981842,-2
clean,-0.216672981842,-2
clean,0.216672981842,-2
clean,0.216672981842,-2
clean,0.217044212129,-2.01268893054
clean,0.217044212129,-2.01268893054
clean,0.217044212129,-1.98731106946
clean,0.217044212129,-1.98731106946
clean,0.218104023844,-2.02494361956
clean,0.218104023844,-1.97505638044
clean,0.218104023844,-1.97505638044
clean,0.218104023844,-2.02494361956
clean,0.219705678936,-2.03637862417
clean,0.219705678936,-2.03637862417
clean,0.219705678936,-1.96362137583
clean,0.219705678936,-1.96362137583
clean,0.221645878868,-2.04668741328
clean,0.221645878868,-2.04668741328
clean,0.221645878868,-1.95331258672
clean,0.221645878868,-1.95331258672
clean,0.22370491922,-1.94435191088
clean,0.22370491922,-2.05564808912
clean,0.22370491922,-2.05564808912
clean,0.22370491922,-1.94435191088
clean,0.225677374822,-2.0631117774
clean,0.225677374822,-2.0631117774
clean,0.225677374822,-1.9368882226
clean,0.225677374822,-1.9368882226
clean,0.227389604682,-2.06898442764
clean,0.227389604682,-2.06898442764
clean,0.227389604682,-1.93101557236
clean,0.227389604682,-1.93101557236
clean,0.228706852109,-2.07320958367
clean,0.228706852109,-2.07320958367
clean,0.228706852109,-1.92679041633
clean,0.228706852109,-1.92679041633
clean,0.229534406671,-2.07575528223
clean,0.229534406671,-2.07575528223
clean,0.229534406671,-1.92424471777
clean,0.229534406671,-1.92424471777
clean,0.22981640214,-2.07660546738
clean,0.22981640214,-1.92339453262
clean,0.648747422311,-2
clean,0.648747422311,-2
clean,0.649858934645,-2.03799232794
clean,0.649858934645,-2.03799232794
clean,0.649858934645,-1.96200767206
clean,0.649858934645,-1.96200767206
clean,0.653032150394,-2.07468447959
clean,0.653032150394,-2.07468447959
clean,0.653032150394,-1.92531552041
clean,0.653032150394,-1.92531552041
clean,0.65782771652,-2.10892238827
clean,0.65782771652,-2.10892238827
clean,0.65782771652,-1.89107761173
clean,0.65782771652,-1.89107761173
clean,0.663636930453,-2.13978825954
clean,0.663636930453,-2.13978825954
clean,0.663636930453,-1.86021174046
clean,0.663636930453,-1.86021174046
clean,0.669801968241,-1.83338229775
clean,0.669801968241,-2.16661770225
clean,0.669801968241,-2.16661770225
clean,0.669801968241,-1.83338229775
clean,0.675707759893,-2.18896496719
clean,0.675707759893,-2.18896496719
clean,0.675707759893,-1.81103503281
clean,0.675707759893,-1.81103503281
clean,0.680834401429,-2.20654845488
clean,0.680834401429,-2.20654845488
clean,0.680834401429,-1.79345154512
clean,0.680834401429,-1.79345154512
clean,0.684778413577,-2.21919912807
clean,0.684778413577,-2.21919912807
clean,0.684778413577,-1.78080087193
clean,0.684778413577,-1.78080087193
clean,0.687256220845,-2.22682128457
clean,0.687256220845,-2.22682128457
clean,0.687256220845,-1.77317871543
clean,0.687256220845,-1.77317871543
clean,0.68810055239,-2.2293668508
clean,0.68810055239,-1.7706331492
clean,1.07701475494,-2
clean,1.07701475494,-2
clean,1.07886002653,-2.06307277126
clean,1.07886002653,-2.06307277126
clean,1.07886002653,-1.93692722874
clean,1.07886002653,-1.93692722874
clean,1.08412802462,-2.12398706141
clean,1.08412802462,-1.87601293859
clean,1.08412802462,-1.87601293859
clean,1.08412802462,-2.12398706141
clean,1.09208935949,-2.18082695249
clean,1.09208935949,-2.18082695249
clean,1.09208935949,-1.81917304751
clean,1.09208935949,-1.81917304751
clean,1.10173349665,-2.23206877271
clean,1.10173349665,-2.23206877271
clean,1.10173349665,-1.76793122729
clean,1.10173349665,-1.76793122729
clean,1.11196835298,-1.72339046354
clean,1.11196835298,-2.27660953646
clean,1.11196835298,-2.27660953646
clean,1.11196835298,-1.72339046354
clean,1.12177282315,-2.31370923541
clean,1.12177282315,-2.31370923541
clean,1.12177282315,-1.68629076459
clean,1.12177282315,-1.68629076459
clean,1.13028379119,-2.34290037366
clean,1.13028379119,-2.34290037366
clean,1.13028379119,-1.65709962634
clean,1.13028379119,-1.65709962634
clean,1.13683142302,-2.36390232482
clean,1.13683142302,-2.36390232482
clean,1.13683142302,-1.63609767518
clean,1.13683142302,-1.63609767518
clean,1.14094494224,-2.37655620942
clean,1.14094494224,-2.37655620942
clean,1.14094494224,-1.62344379058
clean,1.14094494224,-1.62344379058
clean,1.14234665499,-2.38078221833
clean,1.14234665499,-1.61921778167
clean,1.49896173674,-2
clean,1.49896173674,-2
clean,1.50152993879,-2.08778307847
clean,1.50152993879,-2.08778307847
clean,1.50152993879,-1.91221692153
clean,1.50152993879,-1.91221692153
clean,1.50886180451,-2.17256203784
clean,1.50886180451,-1.82743796216
clean,1.50886180451,-1.82743796216
clean,1.50886180451,-2.17256203784
clean,1.51994218785,-2.25167035225
clean,1.51994218785,-2.25167035225
clean,1.51994218785,-1.74832964775
clean,1.51994218785,-1.74832964775
clean,1.5333646526,-2.32298741404
clean,1.5333646526,-2.32298741404
clean,1.5333646526,-1.67701258596
clean,1.5333646526,-1.67701258596
clean,1.54760926526,-1.61502188409
clean,1.54760926526,-2.38497811591
clean,1.54760926526,-2.38497811591
clean,1.54760926526,-1.61502188409
clean,1.56125487742,-2.4366125331
clean,1.56125487742,-2.4366125331
clean,1.56125487742,-1.5633874669
clean,1.56125487742,-1.5633874669
clean,1.57310022622,-2.47724001669
clean,1.57310022622,-2.47724001669
clean,1.57310022622,-1.52275998331
clean,1.57310022622,-1.52275998331
clean,1.58221305364,-2.50646999803
clean,1.58221305364,-2.50646999803
clean,1.58221305364,-1.49353000197
clean,1.58221305364,-1.49353000197
clean,1.58793814504,-2.52408135271
clean,1.58793814504,-2.52408135271
clean,1.58793814504,-1.47591864729
clean,1.58793814504,-1.47591864729
clean,1.58988901318,-2.52996300439
clean,1.58988901318,-1.47003699561
clean,1.91211221503,-2
clean,1.91211221503,-2
clean,1.91538827631,-2.11197823967
clean,1.91538827631,-2.11197823967
clean,1.91538827631,-1.88802176033
clean,1.91538827631,-1.88802176033
clean,1.92474098336,-2.22012435162
clean,1.92474098336,-1.77987564838
clean,1.92474098336,-1.77987564838
clean,1.92474098336,-2.22012435162
clean,1.93887539107,-2.32103685031
clean,1.93887539107,-2.32103685031
clean,1.93887539107,-1.67896314969
clean,1.93887539107,-1.67896314969
clean,1.95599741505,-2.41201063679
clean,1.95599741505,-2.41201063679
clean,1.95599741505,-1.58798936321
clean,1.95599741505,-1.58798936321
clean,1.974168191,-1.5089125093
clean,1.974168191,-2.4910874907
clean,1.974168191,-2.4910874907
clean,1.974168191,-1.5089125093
clean,1.99157486727,-2.55695361483
clean,1.99157486727,-2.55695361483
clean,1.99157486727,-1.44304638517
clean,1.99157486727,-1.44304638517
clean,2.00668508361,-2.60877902554
clean,2.00668508361,-2.60877902554
clean,2.00668508361,-1.39122097446
clean,2.00668508361,-1.39122097446
clean,2.01830962892,-2.64606550391
clean,2.01830962892,-2.64606550391
clean,2.01830962892,-1.35393449609
clean,2.01830962892,-1.35393449609
clean,2.02561269538,-2.66853097822
clean,2.02561269538,-2.66853097822
clean,2.02561269538,-1.33146902178
clean,2.02561269538,-1.33146902178
clean,2.02810127045,-2.67603375682
clean,2.02810127045,-1.32396624318
clean,2.31404165852,-2
clean,2.31404165852,-2
clean,2.3180063538,-2.13551626803
clean,2.3180063538,-2.13551626803
clean,2.3180063538,-1.86448373197
clean,2.3180063538,-1.86448373197
clean,2.32932501678,-2.26639488818
clean,2.32932501678,-1.73360511182
clean,2.32932501678,-1.73360511182
clean,2.32932501678,-2.26639488818
clean,2.34643050254,-2.38851937648
clean,2.34643050254,-2.38851937648
clean,2.34643050254,-1.61148062352
clean,2.34643050254,-1.61148062352
clean,2.3671516069,-2.4986160173
clean,2.3671516069,-2.4986160173
clean,2.3671516069,-1.5013839827
clean,2.3671516069,-1.5013839827
clean,2.3891419128,-1.40568503118
clean,2.3891419128,-2.59431496882
clean,2.3891419128,-2.59431496882
clean,2.3891419128,-1.40568503118
clean,2.41020750388,-2.67402627129
clean,2.41020750388,-2.67402627129
clean,2.41020750388,-1.32597372871
clean,2.41020750388,-1.32597372871
clean,2.42849391501,-2.73674547699
clean,2.42849391501,-2.73674547699
clean,2.42849391501,-1.26325452301
clean,2.42849391501,-1.26325452301
clean,2.44256196075,-2.78186964051
clean,2.44256196075,-2.78186964051
clean,2.44256196075,-1.21813035949
clean,2.44256196075,-1.21813035949
clean,2.45140014498,-2.80905739812
clean,2.45140014498,-2.80905739812
clean,2.45140014498,-1.19094260188
clean,2.45140014498,-1.19094260188
clean,2.45441182303,-2.81813727434
clean,2.45441182303,-1.18186272566
clean,2.70239138542,-2
clean,2.70239138542,-2
clean,2.70702144829,-2.15825903305
clean,2.70702144829,-2.15825903305
clean,2.70702144829,-1.84174096695
clean,2.70702144829,-1.84174096695
clean,2.72023964479,-2.3111021136
clean,2.72023964479,-1.6888978864
clean,2.72023964479,-1.6888978864
clean,2.72023964479,-2.3111021136
clean,2.7402158268,-2.45372191645
clean,2.7402158268,-2.45372191645
clean,2.7402158268,-1.54627808355
clean,2.7402158268,-1.54627808355
clean,2.76441441187,-2.58229532076
clean,2.76441441187,-2.58229532076
clean,2.76441441187,-1.41770467924
clean,2.76441441187,-1.41770467924
clean,2.79009519986,-1.30594522962
clean,2.79009519986,-2.69405477038
clean,2.79009519986,-2.69405477038
clean,2.79009519986,-1.30594522962
clean,2.81469608448,-2.78714347358
clean,2.81469608448,-2.78714347358
clean,2.81469608448,-1.21285652642
clean,2.81469608448,-1.21285652642
clean,2.83605137846,-2.86038841304
clean,2.83605137846,-2.86038841304
clean,2.83605137846,-1.13961158696
clean,2.83605137846,-1.13961158696
clean,2.85248036775,-2.91308545516
clean,2.85248036775,-2.91308545516
clean,2.85248036775,-1.08691454484
clean,2.85248036775,-1.08691454484
clean,2.86280180377,-2.94483594751
clean,2.86280180377,-2.94483594751
clean,2.86280180377,-1.05516405249
clean,2.86280180377,-1.05516405249
clean,2.86631891107,-2.95543963702
clean,2.86631891107,-1.04456036298
clean,3.07488240511,-2
clean,3.07488240511,-2
clean,3.08015066453,-2.18007307113
clean,3.08015066453,-2.18007307113
clean,3.08015066453,-1.81992692887
clean,3.08015066453,-1.81992692887
clean,3.0951908249,-2.35398366812
clean,3.0951908249,-1.64601633188
clean,3.0951908249,-1.64601633188
clean,3.0951908249,-2.35398366812
clean,3.11792047499,-2.51626183581
clean,3.11792047499,-2.51626183581
clean,3.11792047499,-1.48373816419
clean,3.11792047499,-1.48373816419
clean,3.14545453385,-2.66255748373
clean,3.14545453385,-2.66255748373
clean,3.14545453385,-1.33744251627
clean,3.14545453385,-1.33744251627
clean,3.17467509885,-1.21027841742
clean,3.17467509885,-2.78972158258
clean,3.17467509885,-2.78972158258
clean,3.17467509885,-1.21027841742
clean,3.20266690924,-2.89564140496
clean,3.20266690924,-2.89564140496
clean,3.20266690924,-1.10435859504
clean,3.20266690924,-1.10435859504
clean,3.22696576472,-2.97898224775
clean,3.22696576472,-2.97898224775
clean,3.22696576472,-1.02101775225
clean,3.22696576472,-1.02101775225
clean,3.24565928572,-3.03894292129
clean,3.24565928572,-3.03894292129
clean,3.24565928572,-0.961057078712
clean,3.24565928572,-0.961057078712
clean,3.25740340324,-3.07506982386
clean,3.25740340324,-3.07506982386
clean,3.25740340324,-0.924930176144
clean,3.25740340324,-0.924930176144
clean,3.26140530001,-3.0871351
clean,3.26140530001,-0.912864899998
clean,3.42932879218,-2
clean,3.42932879218,-2
clean,3.4352043319,-2.20083036883
clean,3.4352043319,-2.20083036883
clean,3.4352043319,-1.79916963117
clean,3.4352043319,-1.79916963117
clean,3.45197819451,-2.39478790572
clean,3.45197819451,-1.60521209428
clean,3.45197819451,-1.60521209428
clean,3.45197819451,-2.39478790572
clean,3.47732792605,-2.57577212543
clean,3.47732792605,-2.57577212543
clean,3.47732792605,-1.42422787457
clean,3.47732792605,-1.42422787457
clean,3.50803587789,-2.73893149593
clean,3.50803587789,-2.73893149593
clean,3.50803587789,-1.26106850407
clean,3.50803587789,-1.26106850407
clean,3.540624742,-1.11924600549
clean,3.540624742,-2.88075399451
clean,3.540624742,-2.88075399451
clean,3.540624742,-1.11924600549
clean,3.5718432111,-2.99888335645
clean,3.5718432111,-2.99888335645
clean,3.5718432111,-1.00111664355
clean,3.5718432111,-1.00111664355
clean,3.59894303273,-3.09183102537
clean,3.59894303273,-3.09183102537
clean,3.59894303273,-0.908168974635
clean,3.59894303273,-0.908168974635
clean,3.61979138441,-3.15870345724
clean,3.61979138441,-3.15870345724
clean,3.61979138441,-0.841296542762
clean,3.61979138441,-0.841296542762
clean,3.63288926428,-3.19899476299
clean,3.63288926428,-3.19899476299
clean,3.63288926428,-0.801005237006
clean,3.63288926428,-0.801005237006
clean,3.6373524658,-3.21245082193
clean,3.6373524658,-0.787549178067
clean,3.76365051428,-2
clean,3.76365051428,-2
clean,3.7700988543,-2.22040911407
clean,3.7700988543,-2.22040911407
clean,3.7700988543,-1.77959088593
clean,3.7700988543,-1.77959088593
clean,3.78850798345,-2.43327537091
clean,3.78850798345,-1.56672462909
clean,3.78850798345,-1.56672462909
clean,3.78850798345,-2.43327537091
clean,3.81632903414,-2.63190355528
clean,3.81632903414,-2.63190355528
clean,3.81632903414,-1.36809644472
clean,3.81632903414,-1.36809644472
clean,3.85003067248,-2.81096916429
clean,3.85003067248,-2.81096916429
clean,3.85003067248,-1.18903083571
clean,3.85003067248,-1.18903083571
clean,3.88579659131,-1.03338220822
clean,3.88579659131,-2.96661779178
clean,3.88579659131,-2.96661779178
clean,3.88579659131,-1.03338220822
clean,3.92005851671,-3.09626346321
clean,3.92005851671,-3.09626346321
clean,3.92005851671,-0.903736536786
clean,3.92005851671,-0.903736536786
clean,3.94980027196,-3.19827250437
clean,3.94980027196,-3.19827250437
clean,3.94980027196,-0.801727495627
clean,3.94980027196,-0.801727495627
clean,3.97268110792,-3.27166426056
clean,3.97268110792,-3.27166426056
clean,3.97268110792,-0.728335739437
clean,3.97268110792,-0.728335739437
clean,3.98705588657,-3.3158835241
clean,3.98705588657,-3.3158835241
clean,3.98705588657,-0.684116475896
clean,3.98705588657,-0.684116475896
clean,3.99195420099,-3.33065140033
clean,3.99195420099,-0.669348599669
clean,4.07588563861,-2
clean,4.07588563861,-2
clean,4.08286893751,-2.23869441098
clean,4.08286893751,-2.23869441098
clean,4.08286893751,-1.76130558902
clean,4.08286893751,-1.76130558902
clean,4.10280530111,-2.46922020394
clean,4.10280530111,-1.53077979606
clean,4.10280530111,-1.53077979606
clean,4.10280530111,-2.46922020394
clean,4.13293440596,-2.6843267238
clean,4.13293440596,-2.6843267238
clean,4.13293440596,-1.3156732762
clean,4.13293440596,-1.3156732762
clean,4.1694319562,-2.87824774313
clean,4.1694319562,-2.87824774313
clean,4.1694319562,-1.12175225687
clean,4.1694319562,-1.12175225687
clean,4.20816504109,-0.953190908511
clean,4.20816504109,-3.04680909149
clean,4.20816504109,-3.04680909149
clean,4.20816504109,-0.953190908511
clean,4.2452693602,-3.18721026006
clean,4.2452693602,-3.18721026006
clean,4.2452693602,-0.812789739935
clean,4.2452693602,-0.812789739935
clean,4.27747851263,-3.29768204385
clean,4.27747851263,-3.29768204385
clean,4.27747851263,-0.702317956147
clean,4.27747851263,-0.702317956147
clean,4.30225755902,-3.37716243235
clean,4.30225755902,-3.37716243235
clean,4.30225755902,-0.622837567649
clean,4.30225755902,-0.622837567649
clean,4.31782487953,-3.42505015746
clean,4.31782487953,-3.42505015746
clean,4.31782487953,-0.574949842544
clean,4.31782487953,-0.574949842544
clean,4.3231295616,-3.4410431872
clean,4.3231295616,-0.558956812798
clean,4.36420184531,-2
clean,4.36420184531,-2
clean,4.37167912231,-2.25557895418
clean,4.37167912231,-2.25557895418
clean,4.37167912231,-1.74442104582
clean,4.37167912231,-1.74442104582
clean,4.39302572586,-2.50241146623
clean,4.39302572586,-1.49758853377
clean,4.39302572586,-1.49758853377
clean,4.39302572586,-2.50241146623
clean,4.42528607529,-2.73273399099
clean,4.42528607529,-2.73273399099
clean,4.42528607529,-1.26726600901
clean,4.42528607529,-1.26726600901
clean,4.46436535529,-2.94037241499
clean,4.46436535529,-2.94037241499
clean,4.46436535529,-1.05962758501
clean,4.46436535529,-1.05962758501
clean,4.50583830511,-0.879142700794
clean,4.50583830511,-3.12085729921
clean,4.50583830511,-3.12085729921
clean,4.50583830511,-0.879142700794
clean,4.54556727503,-3.27119003504
clean,4.54556727503,-3.27119003504
clean,4.54556727503,-0.728809964964
clean,4.54556727503,-0.728809964964
clean,4.58005480852,-3.3894762691
clean,4.58005480852,-3.3894762691
clean,4.58005480852,-0.610523730901
clean,4.58005480852,-0.610523730901
clean,4.60658665204,-3.47457886738
clean,4.60658665204,-3.47457886738
clean,4.60658665204,-0.525421132618
clean,4.60658665204,-0.525421132618
clean,4.62325515919,-3.52585402984
clean,4.62325515919,-3.52585402984
clean,4.62325515919,-0.474145970163
clean,4.62325515919,-0.474145970163
clean,4.62690718024,-2
clean,4.62690718024,-2
clean,4.62893507893,-3.54297835964
clean,4.62893507893,-0.457021640356
clean,4.6348345557,-2.27096365845
clean,4.6348345557,-2.27096365845
clean,4.6348345557,-1.72903634155
clean,4.6348345557,-1.72903634155
clean,4.65746612883,-2.53265437826
clean,4.65746612883,-1.46734562174
clean,4.65746612883,-1.46734562174
clean,4.65746612883,-2.53265437826
clean,4.6916684063,-2.77684128376
clean,4.6916684063,-2.77684128376
clean,4.6916684063,-1.22315871624
clean,4.6916684063,-1.22315871624
clean,4.7331000833,-2.9969786076
clean,4.7331000833,-2.9969786076
clean,4.7331000833,-1.0030213924
clean,4.7331000833,-1.0030213924
clean,4.77706951829,-0.811672129398
clean,4.77706951829,-3.1883278706
clean,4.77706951829,-3.1883278706
clean,4.77706951829,-0.811672129398
clean,4.81918999362,-3.34770996142
clean,4.81918999362,-3.34770996142
clean,4.81918999362,-0.652290038585
clean,4.81918999362,-0.652290038585
clean,4.85575352161,-3.4731164951
clean,4.85575352161,-3.4731164951
clean,4.85575352161,-0.526883504903
clean,4.85575352161,-0.526883504903
clean,4.86245998402,-2
clean,4.86245998402,-2
clean,4.87079093696,-2.28475824023
clean,4.87079093696,-2.28475824023
clean,4.87079093696,-1.71524175977
clean,4.87079093696,-1.71524175977
clean,4.88388246286,-3.56334188728
clean,4.88388246286,-3.56334188728
clean,4.88388246286,-0.436658112721
clean,4.88388246286,-0.436658112721
clean,4.8945746686,-2.5597714626
clean,4.8945746686,-1.4402285374
clean,4.8945746686,-1.4402285374
clean,4.8945746686,-2.5597714626
clean,4.90155433922,-3.61770358404
clean,4.90155433922,-3.61770358404
clean,4.90155433922,-0.382296415957
clean,4.90155433922,-0.382296415957
clean,4.9075761646,-3.63585872153
clean,4.9075761646,-0.364141278467
clean,4.93051816154,-2.81638976298
clean,4.93051816154,-2.81638976298
clean,4.93051816154,-1.18361023702
clean,4.93051816154,-1.18361023702
clean,4.97405909799,-3.04773413331
clean,4.97405909799,-3.04773413331
clean,4.97405909799,-0.952265866693
clean,4.97405909799,-0.952265866693
clean,5.02026698802,-0.751175138465
clean,5.02026698802,-3.24882486154
clean,5.02026698802,-3.24882486154
clean,5.02026698802,-0.751175138465
clean,5.06453178907,-3.41632098985
clean,5.06453178907,-3.41632098985
clean,5.06453178907,-0.583679010153
clean,5.06453178907,-0.583679010153
clean,5.06947793914,-2
clean,5.06947793914,-2
clean,5.07816358021,-2.29688174742
clean,5.07816358021,-2.29688174742
clean,5.07816358021,-1.70311825258
clean,5.07816358021,-1.70311825258
clean,5.10295674224,-3.54811188774
clean,5.10295674224,-3.54811188774
clean,5.10295674224,-0.451888112257
clean,5.10295674224,-0.451888112257
clean,5.10295989798,-2.58360358542
clean,5.10295989798,-1.41639641458
clean,5.10295989798,-1.41639641458
clean,5.10295989798,-2.58360358542
clean,5.1325177094,-3.64293059535
clean,5.1325177094,-3.64293059535
clean,5.1325177094,-0.357069404655
clean,5.1325177094,-0.357069404655
clean,5.14043367568,-2.85114734245
clean,5.14043367568,-2.85114734245
clean,5.14043367568,-1.14885265755
clean,5.14043367568,-1.14885265755
clean,5.15108924937,-3.70005981037
clean,5.15108924937,-3.70005981037
clean,5.15108924937,-0.299940189635
clean,5.15108924937,-0.299940189635
clean,5.15741764192,-3.71913921397
clean,5.15741764192,-0.280860786026
clean,5.18582835604,-3.09234113851
clean,5.18582835604,-3.09234113851
clean,5.18582835604,-0.907658861493
clean,5.18582835604,-0.907658861493
clean,5.23400353484,-0.698006748392
clean,5.23400353484,-3.30199325161
clean,5.23400353484,-3.30199325161
clean,5.23400353484,-0.698006748392
clean,5.24674618193,-2
clean,5.24674618193,-2
clean,5.25573554034,-2.30726303447
clean,5.25573554034,-2.30726303447
clean,5.25573554034,-1.69273696553
clean,5.25573554034,-1.69273696553
clean,5.28015289815,-3.47662048354
clean,5.28015289815,-3.47662048354
clean,5.28015289815,-0.523379516464
clean,5.28015289815,-0.523379516464
clean,5.28139892957,-2.60401089034
clean,5.28139892957,-1.39598910966
clean,5.28139892957,-1.39598910966
clean,5.28139892957,-2.60401089034
clean,5.320183081,-2.88091005088
clean,5.320183081,-2.88091005088
clean,5.320183081,-1.11908994912
clean,5.320183081,-1.11908994912
clean,5.3202137836,-3.61402234425
clean,5.3202137836,-3.61402234425
clean,5.3202137836,-0.385977655748
clean,5.3202137836,-0.385977655748
clean,5.35103330117,-3.7128779334
clean,5.35103330117,-3.7128779334
clean,5.35103330117,-0.287122066604
clean,5.35103330117,-0.287122066604
clean,5.36716511125,-3.13053785156
clean,5.36716511125,-3.13053785156
clean,5.36716511125,-0.869462148444
clean,5.36716511125,-0.869462148444
clean,5.37039551957,-3.77243940972
clean,5.37039551957,-3.77243940972
clean,5.37039551957,-0.227560590278
clean,5.37039551957,-0.227560590278
clean,5.37699334177,-3.79233111392
clean,5.37699334177,-0.207668886078
clean,5.39322443185,-2
clean,5.39322443185,-2
clean,5.40246475446,-2.31584117986
clean,5.40246475446,-2.31584117986
clean,5.40246475446,-1.68415882014
clean,5.40246475446,-1.68415882014
clean,5.41702486771,-0.652478972435
clean,5.41702486771,-3.34752102757
clean,5.41702486771,-3.34752102757
clean,5.41702486771,-0.652478972435
clean,5.42884461219,-2.62087361917
clean,5.42884461219,-1.37912638083
clean,5.42884461219,-1.37912638083
clean,5.42884461219,-2.62087361917
clean,5.46478797047,-3.52825458107
clean,5.46478797047,-3.52825458107
clean,5.46478797047,-0.471745418925
clean,5.46478797047,-0.471745418925
clean,5.46871153652,-2.90550322884
clean,5.46871153652,-2.90550322884
clean,5.46871153652,-1.09449677116
clean,5.46871153652,-1.09449677116
clean,5.50624969499,-3.67046107586
clean,5.50624969499,-3.67046107586
clean,5.50624969499,-0.329538924142
clean,5.50624969499,-0.329538924142
clean,5.50805309627,-2
clean,5.50805309627,-2
clean,5.51700520742,-3.16210011895
clean,5.51700520742,-3.16210011895
clean,5.51700520742,-0.837899881047
clean,5.51700520742,-0.837899881047
clean,5.5174901572,-2.32256584361
clean,5.5174901572,-2.32256584361
clean,5.5174901572,-1.67743415639
clean,5.5174901572,-1.67743415639
clean,5.53814690177,-3.77277342264
clean,5.53814690177,-3.77277342264
clean,5.53814690177,-0.227226577363
clean,5.53814690177,-0.227226577363
clean,5.54443167593,-2.63409281473
clean,5.54443167593,-1.36590718527
clean,5.54443167593,-1.36590718527
clean,5.54443167593,-2.63409281473
clean,5.55818617341,-3.83441762984
clean,5.55818617341,-3.83441762984
clean,5.55818617341,-0.165582370158
clean,5.55818617341,-0.165582370158
clean,5.56501470661,-3.8550049022
clean,5.56501470661,-0.144995097796
clean,5.56825694466,-0.614858985685
clean,5.56825694466,-3.38514101431
clean,5.56825694466,-3.38514101431
clean,5.56825694466,-0.614858985685
clean,5.58514741821,-2.9247825538
clean,5.58514741821,-2.9247825538
clean,5.58514741821,-1.0752174462
clean,5.58514741821,-1.0752174462
clean,5.59055831495,-2
clean,5.59055831495,-2
clean,5.60013673377,-2.32739756273
clean,5.60013673377,-2.32739756273
clean,5.60013673377,-1.67260243727
clean,5.60013673377,-1.67260243727
clean,5.617353494,-3.57092027305
clean,5.617353494,-3.57092027305
clean,5.617353494,-0.429079726952
clean,5.617353494,-0.429079726952
clean,5.62748180996,-2.64359090152
clean,5.62748180996,-1.35640909848
clean,5.62748180996,-1.35640909848
clean,5.62748180996,-2.64359090152
clean,5.6344693233,-3.18684272076
clean,5.6344693233,-3.18684272076
clean,5.6344693233,-0.813157279237
clean,5.6344693233,-0.813157279237
clean,5.64025591445,-2
clean,5.64025591445,-2
clean,5.64991948119,-2.33030798277
clean,5.64991948119,-2.33030798277
clean,5.64991948119,-1.66969201723
clean,5.64991948119,-1.66969201723
clean,5.6599727437,-3.71709687764
clean,5.6599727437,-3.71709687764
clean,5.6599727437,-0.28290312236
clean,5.6599727437,-0.28290312236
clean,5.66880743402,-2.93863488701
clean,5.66880743402,-2.93863488701
clean,5.66880743402,-1.06136511299
clean,5.66880743402,-1.06136511299
clean,5.67750764305,-2.64931214099
clean,5.67750764305,-1.35068785901
clean,5.67750764305,-1.35068785901
clean,5.67750764305,-2.64931214099
clean,5.68681227575,-0.585367557185
clean,5.68681227575,-3.41463244282
clean,5.68681227575,-3.41463244282
clean,5.68681227575,-0.585367557185
clean,5.69276045421,-3.82226557252
clean,5.69276045421,-3.82226557252
clean,5.69276045421,-0.177734427478
clean,5.69276045421,-0.177734427478
clean,5.71335918067,-3.88563075789
clean,5.71335918067,-3.88563075789
clean,5.71335918067,-0.114369242113
clean,5.71335918067,-0.114369242113
clean,5.71886813274,-3.20462045756
clean,5.71886813274,-3.20462045756
clean,5.71886813274,-0.79537954244
clean,5.71886813274,-0.79537954244
clean,5.7192006337,-2.94697893747
clean,5.7192006337,-2.94697893747
clean,5.7192006337,-1.05302106253
clean,5.7192006337,-1.05302106253
clean,5.72037835233,-3.90679278411
clean,5.72037835233,-0.0932072158901
clean,5.73695415358,-3.60436718021
clean,5.73695415358,-3.60436718021
clean,5.73695415358,-0.39563281979
clean,5.73695415358,-0.39563281979
clean,5.76970634997,-3.21532900252
clean,5.76970634997,-3.21532900252
clean,5.76970634997,-0.784670997483
clean,5.76970634997,-0.784670997483
clean,5.77199513114,-0.564177754363
clean,5.77199513114,-3.43582224564
clean,5.77199513114,-3.43582224564
clean,5.77199513114,-0.564177754363
clean,5.78048082177,-3.75365607217
clean,5.78048082177,-3.75365607217
clean,5.78048082177,-0.246343927829
clean,5.78048082177,-0.246343927829
clean,5.81396662468,-3.86106394344
clean,5.81396662468,-3.86106394344
clean,5.81396662468,-0.138936056565
clean,5.81396662468,-0.138936056565
clean,5.82288808499,-3.62839902281
clean,5.82288808499,-3.62839902281
clean,5.82288808499,-0.37160097719
clean,5.82288808499,-0.37160097719
clean,5.82330562397,-0.551413927408
clean,5.82330562397,-3.44858607259
clean,5.82330562397,-3.44858607259
clean,5.82330562397,-0.551413927408
clean,5.83500392444,-3.92577825486
clean,5.83500392444,-3.92577825486
clean,5.83500392444,-0.0742217451438
clean,5.83500392444,-0.0742217451438
clean,5.84217254327,-3.94739084776
clean,5.84217254327,-0.0526091522444
clean,5.86706673986,-3.77992411556
clean,5.86706673986,-3.77992411556
clean,5.86706673986,-0.220075884441
clean,5.86706673986,-0.220075884441
clean,5.87465099375,-3.64287477244
clean,5.87465099375,-3.64287477244
clean,5.87465099375,-0.35712522756
clean,5.87465099375,-0.35712522756
clean,5.90105412718,-3.88894085111
clean,5.90105412718,-3.88894085111
clean,5.90105412718,-0.111059148891
clean,5.90105412718,-0.111059148891
clean,5.91922237739,-3.79574685648
clean,5.91922237739,-3.79574685648
clean,5.91922237739,-0.204253143518
clean,5.91922237739,-0.204253143518
clean,5.922406545,-3.95462451927
clean,5.922406545,-3.95462451927
clean,5.922406545,-0.0453754807261
clean,5.922406545,-0.0453754807261
clean,5.92968254268,-3.97656084756
clean,5.92968254268,-0.0234391524393
clean,5.9535118976,-3.90573270276
clean,5.9535118976,-3.90573270276
clean,5.9535118976,-0.0942672972362
clean,5.9535118976,-0.0942672972362
clean,5.975054129,-3.97200026979
clean,5.975054129,-3.97200026979
clean,5.975054129,-0.0279997302098
clean,5.975054129,-0.0279997302098
clean,5.9823948071,-3.99413160237
clean,5.9823948071,-0.00586839763252
one,-5.98239473577,-0.00586839769932
one,-5.98239473577,-3.9941316023
one,-5.975054129,-3.97200026979
one,-5.975054129,-0.0279997302098
one,-5.97505398634,-0.0279997303413
one,-5.97505398634,-3.97200026966
one,-5.9535118976,-0.0942672972362
one,-5.9535118976,-3.90573270276
one,-5.95351175494,-0.0942672973626
one,-5.95351175494,-3.90573270264
one,-5.92968225902,-3.97656084728
one,-5.92968225902,-0.0234391527178
one,-5.922406545,-3.95462451927
one,-5.922406545,-0.0453754807261
one,-5.92240597768,-3.95462451874
one,-5.92240597768,-0.0453754812612
one,-5.91922237739,-3.79574685648
one,-5.91922237739,-0.204253143518
one,-5.91922223474,-3.79574685636
one,-5.91922223474,-0.204253143636
one,-5.90105412718,-0.111059148891
one,-5.90105412718,-3.88894085111
one,-5.90105355989,-3.8889408506
one,-5.90105355989,-0.111059149403
one,-5.87465099375,-3.64287477244
one,-5.87465099375,-0.357125227557
one,-5.87465085111,-0.357125227672
one,-5.87465085111,-3.64287477233
one,-5.86706673987,-0.220075884441
one,-5.86706673987,-3.77992411556
one,-5.86706617262,-3.77992411508
one,-5.86706617262,-0.220075884918
one,-5.84217191128,-3.94739084709
one,-5.84217191128,-0.0526091529144
one,-5.83500392444,-3.92577825486
one,-5.83500392444,-0.0742217451438
one,-5.83500266046,-3.92577825362
one,-5.83500266046,-0.0742217463817
one,-5.823305624,-0.551413927412
one,-5.82330562397,-3.44858607257
one,-5.82330548134,-3.44858607252
one,-5.82330548131,-0.5514139275
one,-5.82288808499,-3.62839902281
one,-5.82288808499,-0.371600977181
one,-5.82288751778,-0.371600977633
one,-5.82288751778,-3.62839902237
one,-5.81396662468,-3.86106394344
one,-5.81396662468,-0.138936056565
one,-5.81396536078,-3.86106394225
one,-5.81396536078,-0.138936057745
one,-5.78048082177,-3.75365607217
one,-5.78048082177,-0.24634392783
one,-5.78047955795,-0.246343928918
one,-5.78047955795,-3.75365607108
one,-5.77199513122,-0.564177754378
one,-5.77199513117,-3.43582224556
one,-5.77199456394,-3.43582224533
one,-5.77199456389,-0.564177754731
one,-5.76970635072,-3.21532900252
one,-5.76970635012,-0.784670997568
one,-5.76970620719,-0.784670997478
one,-5.76970620659,-3.21532900243
one,-5.73695415359,-3.60436718021
one,-5.73695415358,-0.395632819778
one,-5.73695288984,-0.395632820787
one,-5.73695288984,-3.60436717922
one,-5.72037724419,-3.90679278281
one,-5.72037724419,-0.0932072171856
one,-5.71920063706,-2.94697893827
one,-5.71920063437,-1.05302106013
one,-5.71920049041,-1.05302106499
one,-5.71920048773,-2.94697893661
one,-5.71886813511,-3.20462045797
one,-5.71886813321,-0.795379542332
one,-5.71886756512,-0.795379542868
one,-5.71886756322,-3.20462045683
one,-5.71335918067,-0.114369242113
one,-5.71335918067,-3.88563075789
one,-5.71335696434,-3.88563075561
one,-5.71335696434,-0.114369244394
one,-5.69276045421,-3.82226557252
one,-5.69276045421,-0.177734427478
one,-5.69275823801,-0.177734429643
one,-5.69275823801,-3.82226557036
one,-5.68681227586,-3.41463244269
one,-5.68681227585,-0.585367557232
one,-5.686811012,-0.585367558
one,-5.68681101198,-3.41463244207
one,-5.67750764507,-2.64931214554
one,-5.67750764426,-1.35068787861
one,-5.67750749924,-1.35068783946
one,-5.67750749843,-2.64931213639
one,-5.66880744596,-2.9386348918
one,-5.66880743645,-1.06136510251
one,-5.66880686448,-1.06136512372
one,-5.66880685497,-2.93863488197
one,-5.6599727437,-3.71709687764
one,-5.6599727437,-0.28290312236
one,-5.65997052767,-0.282903124345
one,-5.65997052767,-3.71709687566
one,-5.64991955612,-1.66969206591
one,-5.64991953444,-2.330307962
one,-5.64991928535,-2.33030800352
one,-5.64991926366,-1.66969196856
one,-5.64025597986,-2.00000000723
one,-5.64025570644,-1.99999999277
one,-5.63446932726,-3.1868427224
one,-5.63446932427,-0.813157278079
one,-5.63446805875,-0.813157281116
one,-5.63446805576,-3.1868427184
one,-5.62748181319,-2.64359091749
one,-5.62748180956,-1.35640916027
one,-5.62748124327,-1.35640903686
one,-5.62748123964,-2.64359088538
one,-5.617353494,-3.57092027305
one,-5.617353494,-0.42907972694
one,-5.61735127812,-0.429079728742
one,-5.61735127811,-3.57092027127
one,-5.60013702742,-1.67260261344
one,-5.60013694611,-2.32739746046
one,-5.60013595437,-2.32739766493
one,-5.60013587306,-1.67260226117
one,-5.5905585682,-1.99999999767
one,-5.59055749463,-2.00000000233
one,-5.58514744205,-2.924782568
one,-5.58514742486,-1.07521742227
one,-5.58514614806,-1.07521747069
one,-5.58514613087,-2.92478253903
one,-5.56825694487,-3.38514101416
one,-5.56825694469,-0.614858985774
one,-5.5682547289,-0.614858987143
one,-5.56825472872,-3.38514101292
one,-5.56501300567,-0.144995100021
one,-5.56501300567,-3.85500489998
one,-5.55818617341,-3.83441762984
one,-5.55818617341,-0.165582370158
one,-5.55818277136,-0.165582373872
one,-5.55818277136,-3.83441762613
one,-5.54443167118,-1.36590726123
one,-5.54443167088,-2.63409285838
one,-5.54443041753,-2.6340927707
one,-5.54443041723,-1.36590710968
one,-5.53814690177,-3.77277342264
one,-5.53814690177,-0.227226577363
one,-5.5381434999,-0.227226580861
one,-5.5381434999,-3.77277341914
one,-5.51749077443,-1.67743450746
one,-5.51749061122,-2.32256556036
one,-5.51748843976,-2.32256612668
one,-5.51748827654,-1.67743380551
one,-5.51700521244,-3.16210012263
one,-5.51700520914,-0.837899877825
one,-5.51700299011,-0.837899885556
one,-5.51700298681,-3.16210011399
one,-5.50805358176,-1.99999990609
one,-5.50805134739,-2.00000009391
one,-5.50624969499,-3.67046107586
one,-5.50624969499,-0.329538924143
one,-5.50624629341,-0.329538927345
one,-5.50624629341,-3.67046107266
one,-5.46871157276,-2.90550325644
one,-5.46871155155,-1.09449673381
one,-5.46870930602,-1.09449680951
one,-5.4687092848,-2.90550320024
one,-5.46478797047,-3.52825458108
one,-5.46478797047,-0.471745418915
one,-5.46478456914,-0.471745421777
one,-5.46478456914,-3.52825457823
one,-5.4288446168,-1.37912638832
one,-5.42884458367,-2.62087373567
one,-5.42884242532,-2.620873502
one,-5.42884239218,-1.37912637402
one,-5.41702486796,-3.34752102741
one,-5.4170248676,-0.652478972505
one,-5.41702146671,-0.652478974817
one,-5.41702146635,-3.34752102526
one,-5.40246571642,-1.68415938001
one,-5.4024654749,-2.31584060021
one,-5.40246181869,-2.31584175918
one,-5.40246157715,-1.6841582606
one,-5.39322498892,-1.99999965985
one,-5.39322165946,-2.00000034015
one,-5.37699094527,-3.79233111038
one,-5.37699094527,-0.20766888962
one,-5.37039551957,-3.77243940972
one,-5.37039551957,-0.227560590278
one,-5.37039072618,-0.227560595867
one,-5.37039072618,-3.77243940413
one,-5.3671651163,-3.13053785802
one,-5.36716511369,-0.869462142545
one,-5.36716170793,-0.869462156372
one,-5.36716170531,-3.13053784306
one,-5.35103330117,-3.7128779334
one,-5.35103330117,-0.287122066604
one,-5.35102850801,-0.287122071821
one,-5.35102850801,-3.71287792818
one,-5.3202137836,-0.385977655748
one,-5.3202137836,-3.61402234425
one,-5.32020899088,-3.61402233947
one,-5.32020899088,-0.385977660529
one,-5.32018312494,-2.88091009307
one,-5.32018310555,-1.11908990208
one,-5.32017965574,-1.11908999774
one,-5.32017963636,-2.88091000711
one,-5.28139897133,-1.39598895449
one,-5.28139886281,-2.6040111367
one,-5.28139559577,-2.6040106429
one,-5.28139548725,-1.3959892659
one,-5.28015289815,-0.523379516454
one,-5.28015289815,-3.47662048353
one,-5.28014810583,-3.47662047933
one,-5.28014810582,-0.523379520684
one,-5.2557367766,-1.69273775852
one,-5.25573647572,-2.30726209209
one,-5.25573120447,-2.30726397632
one,-5.2557309036,-1.69273617307
one,-5.24674636357,-1.99999915771
one,-5.24674259989,-2.0000008423
one,-5.23400353506,-3.30199325145
one,-5.23400353458,-0.69800674837
one,-5.23399874311,-0.698006752022
one,-5.23399874263,-3.30199324815
one,-5.18582835975,-3.09234114776
one,-5.1858283589,-0.907658853488
one,-5.1858235615,-0.907658872464
one,-5.18582356066,-3.09234112629
one,-5.15741446343,-0.280860791361
one,-5.15741446343,-3.71913920864
one,-5.15108924937,-0.299940189635
one,-5.15108924937,-3.70005981037
one,-5.15108289161,-3.70005980242
one,-5.15108289161,-0.29994019758
one,-5.14043372071,-2.85114739967
one,-5.14043370968,-1.14885260151
one,-5.14042885026,-1.14885271586
one,-5.14042883922,-2.85114728296
one,-5.1325177094,-0.357069404655
one,-5.1325177094,-3.64293059535
one,-5.13251135191,-0.357069412002
one,-5.13251135191,-3.642930588
one,-5.10296000244,-1.41639603733
one,-5.10295978689,-2.58360398578
one,-5.10295674224,-3.54811188774
one,-5.10295674224,-0.451888112257
one,-5.10295521785,-2.58360318351
one,-5.1029550023,-1.41639679338
one,-5.10295038534,-3.54811188099
one,-5.10295038534,-0.451888119008
one,-5.0781649688,-1.70311927093
one,-5.07816460303,-2.29688046653
one,-5.07815776632,-2.29688302755
one,-5.07815740053,-1.703117235
one,-5.06947717051,-1.99999821512
one,-5.06947391676,-2.00000178488
one,-5.06453178908,-0.583679010146
one,-5.06453178907,-3.41632098984
one,-5.06452543274,-3.41632098393
one,-5.06452543273,-0.583679016081
one,-5.02026698819,-3.24882486138
one,-5.0202669877,-0.751175138326
one,-5.02026063248,-0.751175143645
one,-5.02026063199,-3.24882485665
one,-4.9740591011,-0.952265857663
one,-4.97405909942,-3.04773414434
one,-4.97405274112,-3.04773411815
one,-4.97405273945,-0.952265879844
one,-4.93051820621,-2.81638983333
one,-4.93051820595,-1.18361017039
one,-4.93051176205,-1.18361030679
one,-4.93051176179,-2.81638968948
one,-4.90757213599,-3.63585871384
one,-4.90757213599,-0.364141286164
one,-4.90155433922,-0.382296415957
one,-4.90155433922,-3.61770358404
one,-4.90154628064,-0.382296426776
one,-4.90154628064,-3.61770357322
one,-4.89457484688,-1.44022793614
one,-4.89457452815,-2.55977198959
one,-4.89456845424,-2.55977093348
one,-4.89456813552,-1.44022914078
one,-4.88388246286,-3.56334188728
one,-4.88388246286,-0.436658112721
one,-4.88387440455,-0.436658122623
one,-4.88387440455,-3.56334187738
one,-4.87079237401,-1.71524294063
one,-4.87079189362,-2.28475671665
one,-4.87078362567,-2.28475976274
one,-4.87078314529,-1.71524057999
one,-4.86245806455,-1.99999694731
one,-4.86245554894,-2.0000030527
one,-4.85575352161,-3.4731164951
one,-4.85575352161,-0.526883504903
one,-4.85574546406,-0.526883514028
one,-4.85574546406,-3.47311648597
one,-4.81918999364,-0.652290038584
one,-4.81918999363,-3.34770996141
one,-4.81918193686,-3.34770995341
one,-4.81918193685,-0.652290046595
one,-4.77706951843,-3.18832787043
one,-4.77706951801,-0.811672129175
one,-4.77706146245,-0.811672136402
one,-4.77706146203,-3.188327864
one,-4.73310008645,-1.00302138295
one,-4.73310008278,-2.9969786194
one,-4.73309202825,-2.99697859029
one,-4.73309202458,-1.00302140737
one,-4.6916684575,-1.22315864423
one,-4.69166844939,-2.77684135787
one,-4.6916603081,-2.77684120545
one,-4.69166029998,-1.22315879244
one,-4.65746636936,-1.46734484251
one,-4.65746597855,-2.53265498047
one,-4.65745822434,-2.53265377323
one,-4.65745783352,-1.4673464038
one,-4.63483603222,-1.72903756826
one,-4.63483539182,-2.27096201121
one,-4.63482566506,-2.27096530426
one,-4.63482502468,-1.72903511629
one,-4.62893015201,-3.54297834892
one,-4.62893015201,-0.457021651079
one,-4.62690410482,-1.99999596702
one,-4.62690220117,-2.00000403298
one,-4.62325515919,-3.52585402984
one,-4.62325515919,-0.474145970163
one,-4.62324530313,-3.52585401562
one,-4.62324530313,-0.474145984381
one,-4.60658665204,-0.525421132618
one,-4.60658665204,-3.47457886738
one,-4.60657679621,-3.47457885451
one,-4.60657679621,-0.525421145487
one,-4.58005480852,-3.3894762691
one,-4.58005480852,-0.610523730901
one,-4.58004495359,-0.610523742792
one,-4.58004495359,-3.38947625721
one,-4.54556727505,-0.728809964968
one,-4.54556727503,-3.27119003503
one,-4.54555742115,-3.27119002456
one,-4.54555742114,-0.728809975444
one,-4.50583830524,-3.12085729899
one,-4.50583830489,-0.87914270057
one,-4.5058284523,-0.879142709861
one,-4.50582845195,-3.12085729057
one,-4.46436535811,-1.05962757581
one,-4.46436535398,-2.94037242659
one,-4.46435550425,-2.94037239622
one,-4.46435550012,-1.05962760137
one,-4.42528612543,-1.26726594343
one,-4.42528610799,-2.73273405202
one,-4.42527619081,-2.73273392451
one,-4.42527617338,-1.26726608003
one,-4.39302599242,-1.49758764307
one,-4.39302555781,-2.5024120977
one,-4.39301604255,-2.50241083109
one,-4.39301560795,-1.49758942811
one,-4.37168075203,-1.74442219633
one,-4.37167994448,-2.255577285
one,-4.37166844912,-2.25558062154
one,-4.37166764161,-1.74441989718
one,-4.36419756952,-1.99999570734
one,-4.36419627001,-2.00000429263
one,-4.32312370923,-0.558956827307
one,-4.32312370923,-3.44104317269
one,-4.31782487953,-3.42505015746
one,-4.31782487953,-0.574949842544
one,-4.31781317136,-0.574949860677
one,-4.31781317136,-3.42505013932
one,-4.30225755902,-0.622837567649
one,-4.30225755902,-3.37716243235
one,-4.302245851,-3.37716241614
one,-4.302245851,-0.622837583862
one,-4.27747851263,-3.29768204385
one,-4.27747851263,-0.702317956147
one,-4.27746680563,-0.702317971156
one,-4.27746680562,-3.29768202884
one,-4.24526936021,-0.812789739946
one,-4.2452693602,-3.18721026006
one,-4.24525765451,-3.18721024675
one,-4.24525765449,-0.812789753251
one,-4.20816504118,-3.04680909127
one,-4.20816504086,-0.953190908372
one,-4.20815333672,-0.95319091989
one,-4.2081533364,-3.04680908047
one,-4.1694319584,-1.12175224819
one,-4.16943195522,-2.87824775382
one,-4.16942025342,-2.87824772336
one,-4.16942025024,-1.12175227464
one,-4.13293445025,-1.31567322653
one,-4.13293441839,-2.68432675549
one,-4.13292269045,-2.68432668522
one,-4.13292265859,-1.31567333275
one,-4.10280555331,-1.53077885912
one,-4.10280508609,-2.46922081791
one,-4.10279381358,-2.46921958536
one,-4.10279334635,-1.53078073759
one,-4.08287085884,-1.76130662044
one,-4.08286989053,-2.23869276208
one,-4.08285628234,-2.23869605756
one,-4.08285531409,-1.76130456
one,-4.0758800995,-1.99999657379
one,-4.07587947541,-2.00000342617
one,-3.99194741773,-0.669348618827
one,-3.99194741773,-3.33065138117
one,-3.98705588657,-3.3158835241
one,-3.98705588657,-0.684116475896
one,-3.98704231498,-0.684116498417
one,-3.98704231498,-3.31588350158
one,-3.97268110792,-3.27166426056
one,-3.97268110792,-0.728335739437
one,-3.97266753632,-0.728335759299
one,-3.97266753632,-3.2716642407
one,-3.94980027196,-3.19827250437
one,-3.94980027196,-0.801727495627
one,-3.94978670146,-0.801727514034
one,-3.94978670146,-3.19827248597
one,-3.92005851671,-0.903736536803
one,-3.92005851669,-3.09626346321
one,-3.92004494776,-3.09626344675
one,-3.92004494774,-0.903736553242
one,-3.88579659137,-2.96661779162
one,-3.88579659101,-1.0333822082
one,-3.88578302403,-1.0333822222
one,-3.88578302367,-2.96661777798
one,-3.85003067396,-1.18903082706
one,-3.85003067208,-2.81096917369
one,-3.85001710636,-2.81096914364
one,-3.85001710447,-1.18903085561
one,-3.81632907407,-1.36809641131
one,-3.81632902502,-2.63190355563
one,-3.81631547754,-2.63190354642
one,-3.81631542848,-1.36809648663
one,-3.78850821455,-1.56672370637
one,-3.78850773967,-2.43327591556
one,-3.78849466211,-2.43327482054
one,-3.78849418723,-1.56672555744
one,-3.77010107465,-1.77959187931
one,-3.77009995098,-2.22040742756
one,-3.77008419302,-2.22041079774
one,-3.77008306943,-1.77958989556
one,-3.76364574938,-1.99999992317
one,-3.76364171416,-2.00000007675
one,-3.63734476805,-0.787549202863
one,-3.63734476805,-3.21245079714
one,-3.63288926428,-3.19899476299
one,-3.63288926428,-0.801005237006
one,-3.63287386153,-3.19899473568
one,-3.63287386153,-0.801005264322
one,-3.61979138441,-0.841296542762
one,-3.61979138441,-3.15870345724
one,-3.61977598141,-0.84129656647
one,-3.61977598141,-3.15870343353
one,-3.59894303273,-3.09183102536
one,-3.59894303273,-0.908168974635
one,-3.59892763086,-0.908168996608
one,-3.59892763086,-3.09183100339
one,-3.57184321109,-1.00111664357
one,-3.57184321107,-2.99888335644
one,-3.57182781096,-2.99888333664
one,-3.57182781095,-1.00111666334
one,-3.54062474204,-2.88075399446
one,-3.54062474164,-1.11924600556
one,-3.54060934392,-1.11924602234
one,-3.54060934352,-2.88075397764
one,-3.50803587848,-1.26106849513
one,-3.50803587745,-2.73893150385
one,-3.50802048116,-2.73893147437
one,-3.50802048013,-1.26106852665
one,-3.47732796867,-1.4242278518
one,-3.47732790069,-2.57577210715
one,-3.4773125552,-2.57577213341
one,-3.47731248722,-1.42422790763
one,-3.45197845067,-1.60521125163
one,-3.45197801882,-2.39478832862
one,-3.45196297469,-2.3947874759
one,-3.45196254281,-1.60521294372
one,-3.43520666067,-1.79917072417
one,-3.4352053411,-2.20082850841
one,-3.43518792785,-2.20083222577
one,-3.43518660839,-1.79916854195
one,-3.42932622706,-1.99999956674
one,-3.4293159618,-2.00000043312
one,-3.26139672567,-0.912864931598
one,-3.26139672567,-3.0871350684
one,-3.25740340324,-3.07506982386
one,-3.25740340324,-0.924930176144
one,-3.25738624443,-3.07506979143
one,-3.25738624443,-0.924930208574
one,-3.24565928572,-0.961057078712
one,-3.24565928572,-3.03894292129
one,-3.2456421263,-3.03894289368
one,-3.2456421263,-0.961057106319
one,-3.22696576472,-1.02101775225
one,-3.22696576472,-2.97898224775
one,-3.22694860642,-2.9789822222
one,-3.22694860642,-1.0210177778
one,-3.20266690922,-1.10435859505
one,-3.20266690921,-2.89564140496
one,-3.20264975279,-2.89564138177
one,-3.20264975278,-1.10435861822
one,-3.17467509882,-2.78972158261
one,-3.17467509847,-1.21027841759
one,-3.17465794474,-1.21027843727
one,-3.17465794439,-2.78972156253
one,-3.14545453367,-1.33744250744
one,-3.14545453287,-2.66255749041
one,-3.14543738193,-2.66255746083
one,-3.14543738113,-1.33744254132
one,-3.117920532,-1.48373814848
one,-3.11792043861,-2.51626181417
one,-3.11790335964,-2.5162618452
one,-3.11790326624,-1.48373819215
one,-3.09519118116,-1.64601563622
one,-3.0951908181,-2.35398392907
one,-3.09517368075,-2.35398339891
one,-3.09517331763,-1.64601703556
one,-3.08015278664,-1.81992817593
one,-3.08015118192,-2.18007091907
one,-3.08013299705,-2.1800752191
one,-3.08013139248,-1.81992568639
one,-3.07488106551,-1.99999897539
one,-3.07486659346,-2.00000102437
one,-2.86630951871,-2.95543959717
one,-2.86630951871,-1.04456040283
one,-2.86280180377,-2.94483594751
one,-2.86280180377,-1.05516405249
one,-2.8627830051,-1.05516409025
one,-2.8627830051,-2.94483590975
one,-2.85248036775,-2.91308545516
one,-2.85248036775,-1.08691454484
one,-2.85246156798,-1.08691457622
one,-2.85246156798,-2.91308542378
one,-2.83605137846,-1.13961158696
one,-2.83605137846,-2.86038841303
one,-2.83603257972,-2.86038838408
one,-2.83603257972,-1.13961161593
one,-2.81469608446,-1.21285652643
one,-2.81469608445,-2.78714347357
one,-2.81467728761,-2.78714344716
one,-2.8146772876,-1.21285655284
one,-2.79009519977,-2.69405477044
one,-2.79009519957,-1.30594522991
one,-2.79007640544,-1.30594525239
one,-2.79007640525,-2.69405474726
one,-2.76441441163,-1.41770467088
one,-2.7644144106,-2.58229532671
one,-2.76439562037,-2.58229529594
one,-2.76439561935,-1.41770470647
one,-2.74021590549,-1.54627807459
one,-2.74021578511,-2.45372189496
one,-2.74019707718,-2.45372192365
one,-2.74019695678,-1.54627810679
one,-2.72024014173,-1.68889739389
one,-2.7202398079,-2.31110219265
one,-2.72022069126,-2.31110202489
one,-2.72022035733,-1.68889838827
one,-2.7070231074,-1.84174230014
one,-2.70702113089,-2.15825653264
one,-2.70700297636,-2.15826152869
one,-2.70700100008,-1.84173963921
one,-2.70239091667,-1.99999855358
one,-2.70237306316,-2.00000144607
one,-2.45440169062,-2.81813722426
one,-2.45440169062,-1.18186277574
one,-2.45140014498,-1.19094260188
one,-2.45140014498,-2.80905739812
one,-2.45137986106,-2.80905735488
one,-2.45137986106,-1.19094264512
one,-2.44256196075,-2.78186964051
one,-2.44256196075,-1.21813035949
one,-2.44254167505,-2.78186960573
one,-2.44254167505,-1.21813039427
one,-2.42849391501,-2.73674547699
one,-2.42849391501,-1.26325452301
one,-2.42847363019,-1.26325455494
one,-2.42847363019,-2.73674544506
one,-2.41020750386,-1.32597372871
one,-2.41020750386,-2.67402627129
one,-2.41018722085,-2.67402624206
one,-2.41018722085,-1.32597375794
one,-2.38914191277,-2.59431496883
one,-2.38914191277,-1.4056850316
one,-2.38912163207,-1.40568505655
one,-2.38912163207,-2.59431494301
one,-2.3671516072,-1.50138397469
one,-2.36715160614,-2.49861602292
one,-2.36713132914,-2.4986159903
one,-2.36713132808,-1.50138401209
one,-2.34643059761,-1.61148062193
one,-2.34643046095,-2.38851934441
one,-2.34641026742,-2.38851939219
one,-2.34641013074,-1.61148064146
one,-2.32932561424,-1.73360485892
one,-2.3293252431,-2.26639477137
one,-2.32930451487,-2.26639499386
one,-2.32930414358,-1.73360537543
one,-2.31800746298,-1.86448504036
one,-2.31800507744,-2.13551337187
one,-2.31798735594,-2.13551915882
one,-2.31798497064,-1.8644824298
one,-2.31404182377,-1.99999842512
one,-2.31402121653,-2.00000157446
one,-2.02809049378,-2.67603369346
one,-2.02809049378,-1.32396630654
one,-2.02561269538,-2.66853097822
one,-2.02561269538,-1.33146902178
one,-2.0255911157,-2.66853092935
one,-2.0255911157,-1.33146907065
one,-2.01830962892,-1.35393449609
one,-2.01830962892,-2.64606550391
one,-2.01828804649,-1.35393453364
one,-2.01828804649,-2.64606546636
one,-2.00668508361,-2.60877902554
one,-2.00668508361,-1.39122097446
one,-2.00666350181,-1.39122100862
one,-2.00666350181,-2.60877899138
one,-1.99157486726,-1.44304638516
one,-1.99157486725,-2.55695361484
one,-1.9915532871,-2.55695358354
one,-1.9915532871,-1.44304641647
one,-1.97416819124,-1.50891250982
one,-1.97416819113,-2.49108749064
one,-1.97414661291,-2.49108746291
one,-1.97414661279,-1.50891253663
one,-1.95599741578,-1.58798935536
one,-1.95599741527,-2.4120106421
one,-1.95597583926,-2.41201060804
one,-1.95597583875,-1.5879893945
one,-1.93887549006,-1.67896315391
one,-1.93887535279,-2.32103679857
one,-1.93885385603,-2.32103688384
one,-1.93885371869,-1.67896316366
one,-1.92474158407,-1.77987562809
one,-1.9247411439,-2.22012404644
one,-1.92471925095,-2.22012464424
one,-1.92471881058,-1.7798756807
one,-1.91538886211,-1.88802289189
one,-1.91538610986,-2.1119749248
one,-1.91536887252,-2.11198154844
one,-1.9153661205,-1.88802063572
one,-1.91211288999,-1.9999984598
one,-1.91208996671,-2.00000153987
one,-1.58987770412,-1.47003707768
one,-1.58987770412,-2.52996292232
one,-1.58793814504,-2.52408135271
one,-1.58793814504,-1.47591864729
one,-1.58791548961,-1.47591870222
one,-1.58791548961,-2.52408129778
one,-1.58221305364,-2.50646999803
one,-1.58221305364,-1.49353000197
one,-1.58219039402,-1.4935300413
one,-1.58219039402,-2.5064699587
one,-1.57310022622,-1.52275998331
one,-1.57310022622,-2.47724001669
one,-1.57307756686,-1.52276001848
one,-1.57307756686,-2.47723998152
one,-1.56125487741,-1.56338746688
one,-1.56125487741,-2.4366125331
one,-1.56123221942,-2.436612501
one,-1.56123221942,-1.56338749901
one,-1.54760926565,-1.61502188459
one,-1.54760926556,-2.38497811584
one,-1.54758660895,-2.38497808728
one,-1.54758660886,-1.61502191229
one,-1.53336465364,-2.32298741855
one,-1.53336465313,-1.67701257873
one,-1.53334199837,-1.67701261768
one,-1.53334199785,-2.32298738504
one,-1.51994228159,-1.74832965104
one,-1.51994215405,-2.25167028679
one,-1.51991957046,-2.2516703983
one,-1.51991944279,-1.74832966385
one,-1.5088623289,-1.82743810938
one,-1.5088618299,-2.17256161756
one,-1.50883912981,-2.1725624444
one,-1.50883863058,-1.82743782798
one,-1.5015301176,-1.91221761171
one,-1.50152711461,-2.0877795103
one,-1.5015101157,-2.08778663993
one,-1.50150711281,-1.91221623892
one,-1.49896286997,-1.99999851876
one,-1.49893795249,-2.00000148108
one,-1.14233494041,-1.61921789444
one,-1.14233494041,-2.38078210556
one,-1.14094494224,-2.37655620942
one,-1.14094494224,-1.62344379058
one,-1.14092145676,-2.37655614682
one,-1.14092145676,-1.62344385318
one,-1.13683142302,-1.63609767518
one,-1.13683142302,-2.36390232482
one,-1.13680793091,-2.36390228517
one,-1.13680793091,-1.63609771483
one,-1.13028379119,-2.34290037365
one,-1.13028379119,-1.65709962634
one,-1.13026029873,-1.65709966054
one,-1.13026029873,-2.34290033946
one,-1.12177282314,-1.68629076457
one,-1.12177282313,-2.31370923541
one,-1.12174933164,-2.31370920461
one,-1.12174933163,-1.6862907954
one,-1.11196835337,-2.27660953646
one,-1.11196835337,-1.72339046391
one,-1.11194486265,-1.72339049062
one,-1.11194486265,-2.27660950901
one,-1.10173349803,-2.23206877592
one,-1.10173349664,-1.76793122183
one,-1.10171000867,-1.76793125627
one,-1.10171000728,-2.23206874597
one,-1.09208944487,-1.81917304227
one,-1.09208932671,-2.18082688845
one,-1.0920659067,-2.18082699762
one,-1.09206578831,-1.81917307162
one,-1.08412845568,-1.87601315318
one,-1.08412791567,-2.12398666007
one,-1.08410464998,-2.12398744896
one,-1.08410410972,-1.87601273691
one,-1.07886012,-1.93692719258
one,-1.07885696502,-2.06306935026
one,-1.07883960675,-2.06307618532
one,-1.07883645165,-1.93692727255
one,-1.07701615621,-1.99999858528
one,-1.07698986842,-2.0000014149
one,-0.688088577665,-2.22936667084
one,-0.688088577665,-1.77063332916
one,-0.687256220845,-1.77317871543
one,-0.687256220845,-2.22682128457
one,-0.68723217156,-2.22682120696
one,-0.68723217156,-1.77317879304
one,-0.684778413577,-1.78080087193
one,-0.684778413577,-2.21919912807
one,-0.684754352408,-2.21919908994
one,-0.684754352408,-1.78080091006
one,-0.68083440143,-2.20654845488
one,-0.680834401429,-1.79345154512
one,-0.680810338718,-1.79345157486
one,-0.680810338718,-2.20654842514
one,-0.675707759897,-1.8110350328
one,-0.675707759887,-2.18896496719
one,-0.675683697364,-2.18896494164
one,-0.675683697355,-1.81103505836
one,-0.669801968605,-2.16661770233
one,-0.669801968516,-1.83338229798
one,-0.669777906262,-1.83338231965
one,-0.669777906176,-2.16661768005
one,-0.663636931602,-2.13978826164
one,-0.663636930236,-1.86021173788
one,-0.663612870104,-1.86021176165
one,-0.663612868735,-2.13978823881
one,-0.657827792846,-1.89107759651
one,-0.657827676689,-2.10892233802
one,-0.657803697493,-2.10892242368
one,-0.657803580875,-1.89107764169
one,-0.653032509989,-1.92531570699
one,-0.65303193973,-2.07468421745
one,-0.653008303479,-2.07468473058
one,-0.653007732827,-1.92531534357
one,-0.649859420806,-1.96200686257
one,-0.649856180418,-2.03798940425
one,-0.649837633271,-2.03799524625
one,-0.649834392341,-1.96200848773
one,-0.648748648945,-1.99999867915
one,-0.648722135422,-2.00000132156
one,-0.229804403028,-2.07660495902
one,-0.229804403028,-1.92339504098
one,-0.229534406671,-2.07575528223
one,-0.229534406671,-1.92424471777
one,-0.229510077422,-2.07575511188
one,-0.229510077422,-1.92424488812
one,-0.228706852109,-1.92679041633
one,-0.228706852109,-2.07320958367
one,-0.228682488731,-2.0732095358
one,-0.228682488731,-1.9267904642
one,-0.227389604683,-2.06898442764
one,-0.227389604682,-1.93101557236
one,-0.227365235563,-1.93101559684
one,-0.227365235563,-2.06898440316
one,-0.225677374829,-1.9368882226
one,-0.225677374816,-2.0631117774
one,-0.225653003837,-2.06311176159
one,-0.225653003831,-1.93688823841
one,-0.223704919411,-2.05564808923
one,-0.223704919274,-1.94435191102
one,-0.223680547414,-1.94435192203
one,-0.223680547296,-2.05564807777
one,-0.22164587945,-2.04668741468
one,-0.221645878645,-1.95331258679
one,-0.221621507006,-1.95331259489
one,-0.221621506188,-2.04668740355
one,-0.219705744803,-1.96362135246
one,-0.219705625876,-2.03637858973
one,-0.219681360727,-2.0363786524
one,-0.219681240331,-1.96362140504
one,-0.218104336269,-1.97505646539
one,-0.218103747059,-2.02494354404
one,-0.218079929307,-2.02494368882
one,-0.218079338934,-1.9750562975
one,-0.217045433146,-1.98730971233
one,-0.217042195821,-2.01268661721
one,-0.217021858644,-2.0126912423
one,-0.217018619173,-1.98731242992
one,-0.216673521067,-1.99999873542
one,-0.216648067075,-2.00000126746
one,0.216673397671,-1.99999863272
one,0.216696906777,-2.0000013644
one,0.217042197189,-2.0126872743
one,0.21704536131,-1.98730942064
one,0.217067400006,-1.98731271871
one,0.21707056202,-2.01269058462
one,0.218103752774,-2.02494354738
one,0.218104343865,-1.97505646989
one,0.218128041493,-1.97505629654
one,0.218128631402,-2.02494369039
one,0.219705626023,-2.03637859004
one,0.219705745121,-1.96362135221
one,0.219729950815,-1.9636214052
one,0.219730068447,-2.03637865291
one,0.221645878644,-1.95331258679
one,0.221645879448,-2.04668741468
one,0.221670216094,-2.04668740406
one,0.221670216885,-1.95331259456
one,0.223704919274,-1.94435191102
one,0.223704919411,-2.05564808923
one,0.223729257368,-2.05564807836
one,0.223729257522,-1.94435192134
one,0.225677374816,-2.0631117774
one,0.225677374829,-1.9368882226
one,0.225701714409,-1.93688823736
one,0.22570171443,-2.06311176264
one,0.227389604682,-1.93101557236
one,0.227389604683,-2.06898442764
one,0.227413947212,-2.06898440506
one,0.227413947213,-1.93101559494
one,0.228706852109,-2.07320958367
one,0.228706852109,-1.92679041633
one,0.228731203249,-2.07320953996
one,0.228731203249,-1.92679046004
one,0.229534406671,-2.07575528223
one,0.229534406671,-1.92424471777
one,0.22955880266,-1.92424487539
one,0.22955880266,-2.07575512461
one,0.229828725306,-1.92339506288
one,0.229828725306,-2.07660493712
one,0.648748587518,-1.99999838853
one,0.648770342467,-2.00000161074
one,0.64985628928,-2.03799047984
one,0.649859379867,-1.96200679752
one,0.649882570178,-1.96200855094
one,0.649885660225,-2.03799417094
one,0.653031937937,-2.07468422651
one,0.653032517884,-1.92531571862
one,0.653055863747,-1.9253153329
one,0.65305644331,-2.07468472339
one,0.657827676617,-2.10892233835
one,0.65782779331,-1.89107759632
one,0.657851719528,-1.89107764179
one,0.657851835764,-2.10892242365
one,0.663636930236,-1.86021173788
one,0.663636931602,-2.13978826164
one,0.663661007778,-2.13978823885
one,0.663661009144,-1.86021176165
one,0.669801968516,-1.83338229798
one,0.669801968606,-2.16661770233
one,0.669826045168,-2.16661768008
one,0.669826045263,-1.8333823196
one,0.675707759887,-2.18896496719
one,0.675707759897,-1.8110350328
one,0.675731836391,-1.81103505828
one,0.675731836403,-2.18896494172
one,0.680834401429,-1.79345154512
one,0.68083440143,-2.20654845488
one,0.680858477854,-2.2065484253
one,0.680858477855,-1.7934515747
one,0.684778413577,-2.21919912807
one,0.684778413577,-1.78080087193
one,0.684802491824,-1.78080090967
one,0.684802491824,-2.21919909033
one,0.687256220845,-2.22682128457
one,0.687256220845,-1.77317871543
one,0.687280311997,-1.77317879184
one,0.687280311997,-2.22682120816
one,0.688112643054,-2.22936666797
one,0.688112643054,-1.77063333203
one,1.07701609528,-1.99999821297
one,1.07703694801,-2.00000178688
one,1.07885706516,-2.06307075098
one,1.07886012061,-1.93692719203
one,1.07888346092,-1.93692727141
one,1.07888651624,-2.0630747848
one,1.08412790337,-2.12398666783
one,1.08412846765,-1.87601316976
one,1.08415110987,-1.87601272091
one,1.08415167388,-2.12398744238
one,1.09208932646,-2.18082688881
one,1.0920894455,-1.81917304219
one,1.09211279991,-1.8191730716
one,1.09211291871,-2.18082699745
one,1.10173349664,-1.76793122183
one,1.10173349803,-2.23206877592
one,1.1017570196,-2.23206874591
one,1.10175702099,-1.76793125634
one,1.11196835337,-1.72339046391
one,1.11196835337,-2.27660953646
one,1.11199187489,-2.27660950896
one,1.1119918749,-1.72339049066
one,1.12177282313,-2.31370923541
one,1.12177282314,-1.68629076457
one,1.12179634388,-1.68629079544
one,1.12179634389,-2.31370920457
one,1.13028379119,-1.65709962634
one,1.13028379119,-2.34290037365
one,1.130307311,-2.34290033944
one,1.130307311,-1.65709966056
one,1.13683142302,-1.63609767518
one,1.13683142302,-2.36390232482
one,1.13685494325,-2.36390228522
one,1.13685494325,-1.63609771478
one,1.14094494224,-2.37655620942
one,1.14094494224,-1.62344379058
one,1.14096846938,-1.6234438529
one,1.14096846938,-2.3765561471
one,1.14235844488,-1.61921789568
one,1.14235844488,-2.38078210432
one,1.49896273304,-1.99999821376
one,1.49898345065,-2.00000178637
one,1.50152706683,-2.08778094108
one,1.50153007663,-1.91221763125
one,1.50155250667,-1.91221621777
one,1.50155551658,-2.0877852091
one,1.5088618143,-2.17256161627
one,1.50886235212,-1.82743812401
one,1.50888396274,-1.82743781387
one,1.50888450035,-2.17256244652
one,1.51994215378,-2.25167028719
one,1.51994228236,-1.74832965109
one,1.51996479728,-1.74832966373
one,1.51996492574,-2.25167039803
one,1.53336465313,-1.67701257873
one,1.53336465364,-2.32298741855
one,1.53338735327,-2.32298738493
one,1.53338735377,-1.67701261778
one,1.54760926556,-2.38497811584
one,1.54760926565,-1.61502188459
one,1.5476319642,-1.61502191239
one,1.54763196429,-2.38497808718
one,1.56125487741,-2.4366125331
one,1.56125487741,-1.56338746688
one,1.56127757474,-1.56338749911
one,1.56127757475,-2.43661250091
one,1.57310022622,-1.52275998331
one,1.57310022622,-2.47724001669
one,1.57312292218,-2.47723998144
one,1.57312292218,-1.52276001856
one,1.58221305364,-1.49353000197
one,1.58221305364,-2.50646999803
one,1.58223574936,-2.50646995865
one,1.58223574936,-1.49353004135
one,1.58793814504,-2.52408135271
one,1.58793814504,-1.47591864729
one,1.58796084505,-1.47591870221
one,1.58796084505,-2.52408129779
one,1.58990038088,-1.47003707844
one,1.58990038088,-2.52996292156
one,1.91211267589,-1.99999829059
one,1.91213339288,-2.00000170977
one,1.91538586894,-2.11197607295
one,1.91538875732,-1.88802300884
one,1.91540943002,-1.88802051723
one,1.91541231863,-2.11198040009
one,1.92474113731,-2.22012403745
one,1.92474161951,-1.77987562562
one,1.92476198239,-1.77987568369
one,1.9247624644,-2.22012465378
one,1.93887535268,-2.32103679893
one,1.93887549097,-1.67896315401
one,1.93889692475,-1.67896316354
one,1.93889706297,-2.32103688353
one,1.95599741526,-2.4120106421
one,1.95599741578,-1.58798935536
one,1.95601904584,-1.58798939462
one,1.95601904637,-2.41201060792
one,1.97416819113,-2.49108749064
one,1.97416819124,-1.50891250982
one,1.97418981984,-1.50891253676
one,1.97418981995,-2.49108746278
one,1.99157486725,-2.55695361484
one,1.99157486726,-1.44304638516
one,1.99159649412,-1.44304641659
one,1.99159649412,-2.55695358341
one,2.00668508361,-1.39122097446
one,2.00668508361,-2.60877902554
one,2.00670670882,-2.60877899126
one,2.00670670882,-1.39122100874
one,2.01830962892,-2.64606550391
one,2.01830962892,-1.35393449609
one,2.0183312535,-2.64606546625
one,2.0183312535,-1.35393453375
one,2.02561269538,-1.33146902178
one,2.02561269538,-2.66853097822
one,2.02563432275,-2.66853092926
one,2.02563432275,-1.33146907074
one,2.02811209674,-2.67603369293
one,2.02811209674,-1.32396630707
one,2.31404157911,-1.99999841185
one,2.31406208283,-2.00000158856
one,2.31800465466,-2.135514099
one,2.31800736155,-1.8644853432
one,2.31802568785,-1.86448212551
one,2.318028395,-2.13551843148
one,2.32932524682,-2.26639476601
one,2.32932564403,-1.73360482641
one,2.32934473178,-1.73360540844
one,2.32934512884,-2.26639499954
one,2.346430461,-2.38851934466
one,2.34643059851,-1.61148062189
one,2.3464507475,-1.61148064152
one,2.34645088498,-2.38851939194
one,2.36715160613,-2.49861602292
one,2.36715160719,-1.5013839747
one,2.36717194584,-1.50138401222
one,2.36717194691,-2.49861599017
one,2.38914191277,-1.4056850316
one,2.38914191277,-2.59431496883
one,2.38916224978,-2.59431494287
one,2.38916224979,-1.40568505669
one,2.41020750386,-2.67402627129
one,2.41020750386,-1.32597372871
one,2.41022783854,-1.32597375808
one,2.41022783854,-2.67402624192
one,2.42849391501,-1.26325452301
one,2.42849391501,-2.73674547699
one,2.42851424785,-2.73674544491
one,2.42851424785,-1.26325455509
one,2.44256196075,-1.21813035949
one,2.44256196075,-2.78186964051
one,2.44258229271,-2.78186960559
one,2.44258229271,-1.21813039441
one,2.45140014498,-2.80905739812
one,2.45140014498,-1.19094260188
one,2.45142047873,-1.19094264526
one,2.45142047873,-2.80905735474
one,2.45442199911,-1.18186277615
one,2.45442199911,-2.81813722385
one,2.7023907505,-1.99999871236
one,2.70241088019,-2.00000128799
one,2.70702058344,-2.15825682015
one,2.70702311393,-1.84174287221
one,2.70703864013,-1.84173906588
one,2.70704117083,-2.15826124107
one,2.72023981007,-2.31110219549
one,2.72024013903,-1.68889733915
one,2.7202580083,-1.68889844348
one,2.72025833717,-2.3111020222
one,2.74021578525,-2.45372189515
one,2.74021590615,-1.54627807443
one,2.74023460414,-1.546278107
one,2.74023472503,-2.45372192342
one,2.7644144106,-2.5822953267
one,2.76441441162,-1.41770467089
one,2.76443326742,-1.41770470659
one,2.76443326844,-2.58229529582
one,2.79009519957,-1.30594522991
one,2.79009519977,-2.69405477044
one,2.79011405327,-2.69405474712
one,2.79011405347,-1.30594525253
one,2.81469608445,-2.78714347357
one,2.81469608446,-1.21285652643
one,2.8147149356,-1.21285655299
one,2.81471493561,-2.78714344701
one,2.83605137846,-2.86038841303
one,2.83605137846,-1.13961158696
one,2.8360702277,-1.13961161608
one,2.8360702277,-2.86038838393
one,2.85248036775,-2.91308545516
one,2.85248036775,-1.08691454484
one,2.85249921595,-1.08691457636
one,2.85249921595,-2.91308542364
one,2.86280180377,-2.94483594751
one,2.86280180377,-1.05516405249
one,2.86282065306,-1.05516409042
one,2.86282065306,-2.94483590958
one,2.86632834247,-1.04456040314
one,2.86632834247,-2.95543959686
one,3.0748811651,-1.99999924417
one,3.07490086339,-2.00000075607
one,3.08015062761,-2.18007079897
one,3.08015301307,-1.81992906829
one,3.08016553268,-1.8199247931
one,3.08016791831,-2.18007533916
one,3.09519081017,-2.35398392845
one,3.09519113307,-1.64601558043
one,3.0952077335,-1.64601709175
one,3.09520805634,-2.35398339957
one,3.1179204387,-2.51626181435
one,3.11792053235,-1.48373814827
one,3.1179376335,-1.48373819244
one,3.11793772715,-2.51626184495
one,3.14545453286,-2.6625574904
one,3.14545453367,-1.33744250744
one,3.14547174875,-1.33744254144
one,3.14547174955,-2.66255746072
one,3.17467509847,-1.21027841759
one,3.17467509882,-2.78972158261
one,3.17469231197,-2.78972156239
one,3.17469231232,-1.21027843741
one,3.20266690921,-2.89564140496
one,3.20266690922,-1.10435859505
one,3.20268412033,-1.10435861836
one,3.20268412034,-2.89564138163
one,3.22696576472,-2.97898224775
one,3.22696576472,-1.02101775225
one,3.22698297395,-1.02101777795
one,3.22698297395,-2.97898222205
one,3.24565928572,-3.03894292129
one,3.24565928572,-0.961057078712
one,3.24567649382,-0.961057106469
one,3.24567649382,-3.03894289353
one,3.25740340324,-3.07506982386
one,3.25740340324,-0.924930176144
one,3.25742061194,-0.924930208738
one,3.25742061194,-3.07506979126
one,3.26141390928,-0.912864931845
one,3.26141390928,-3.08713506815
one,3.42932687614,-1.99999976846
one,3.42934616729,-2.00000023169
one,3.43520487027,-2.20082810688
one,3.4352071165,-1.79917185684
one,3.43521700525,-1.79916740872
one,3.43521925158,-2.20083262727
one,3.45197800118,-2.39478830891
one,3.4519783594,-1.60521120464
one,3.45199348747,-1.60521299102
one,3.45199384568,-2.39478749559
one,3.4773279007,-2.57577210728
one,3.47732796884,-1.42422785154
one,3.47734334037,-1.42422790797
one,3.4773434085,-2.57577213321
one,3.50803587745,-2.73893150384
one,3.50803587848,-1.26106849514
one,3.50805133343,-1.26106852675
one,3.50805133446,-2.73893147427
one,3.54062474164,-1.11924600556
one,3.54062474204,-2.88075399446
one,3.5406401968,-2.88075397752
one,3.54064019719,-1.11924602246
one,3.57184321107,-2.99888335644
one,3.57184321109,-1.00111664357
one,3.5718586642,-1.00111666348
one,3.57185866421,-2.99888333651
one,3.59894303273,-0.908168974635
one,3.59894303273,-3.09183102536
one,3.59895848409,-3.09183100325
one,3.59895848409,-0.908168996747
one,3.61979138441,-3.15870345724
one,3.61979138441,-0.841296542762
one,3.61980683462,-0.841296566611
one,3.61980683462,-3.15870343339
one,3.63288926428,-0.801005237006
one,3.63288926428,-3.19899476299
one,3.63290471474,-0.801005264478
one,3.63290471474,-3.19899473552
one,3.63736019456,-0.787549203058
one,3.63736019456,-3.21245079694
one,3.76364791749,-1.9999999836
one,3.76366673436,-2.00000001648
one,3.77009951645,-2.22040694388
one,3.77010154903,-1.77959306781
one,3.77010978216,-1.77958870677
one,3.77011181483,-2.22041128137
one,3.78850770903,-2.43327587563
one,3.78850808761,-1.56672366009
one,3.78852150172,-1.56672560392
one,3.78852188029,-2.43327486042
one,3.81632902503,-2.63190355563
one,3.81632907413,-1.36809641092
one,3.81634261594,-1.36809648711
one,3.81634266505,-2.63190354635
one,3.85003067208,-2.81096917369
one,3.85003067395,-1.18903082705
one,3.85004429197,-1.1890308557
one,3.85004429385,-2.81096914356
one,3.88579659101,-1.0333822082
one,3.88579659137,-2.96661779162
one,3.88581021115,-2.96661777787
one,3.88581021151,-1.0333822223
one,3.92005851669,-3.09626346321
one,3.92005851671,-0.903736536803
one,3.92007213519,-0.903736553362
one,3.92007213521,-3.09626344663
one,3.94980027196,-0.801727495627
one,3.94980027196,-3.19827250437
one,3.94981388889,-3.19827248584
one,3.94981388889,-0.801727514159
one,3.97268110792,-3.27166426056
one,3.97268110792,-0.728335739437
one,3.97269472374,-0.728335759426
one,3.97269472374,-3.27166424057
one,3.98705588657,-3.3158835241
one,3.98705588657,-0.684116475896
one,3.98706950239,-3.31588350144
one,3.98706950239,-0.684116498556
one,3.99196101138,-0.669348618977
one,3.99196101138,-3.33065138102
one,4.07588253587,-1.99999988049
one,4.07590049563,-2.00000011956
one,4.0828693862,-2.23869233491
one,4.08287107819,-1.76130774428
one,4.08287855062,-1.76130343604
one,4.08288024266,-2.2386964847
one,4.10280503657,-2.46922076989
one,4.1028054005,-1.53077880189
one,4.10281695532,-1.53078079496
one,4.10281731926,-2.46921963332
one,4.1329344182,-2.68432675564
one,4.13293445016,-1.31567322577
one,4.13294611483,-1.31567333358
one,4.13294614678,-2.68432668502
one,4.1694319552,-2.87824775382
one,4.16943195839,-1.12175224818
one,4.16944370637,-1.12175227471
one,4.16944370956,-2.87824772329
one,4.20816504086,-0.953190908372
one,4.20816504118,-3.04680909127
one,4.2081767925,-3.04680908038
one,4.20817679283,-0.95319091998
one,4.2452693602,-3.18721026006
one,4.24526936021,-0.812789739946
one,4.24528111058,-0.812789753352
one,4.2452811106,-3.18721024664
one,4.27747851263,-0.702317956147
one,4.27747851263,-3.29768204385
one,4.27749026169,-3.29768202874
one,4.27749026169,-0.702317971263
one,4.30225755902,-0.622837567649
one,4.30225755902,-3.37716243235
one,4.30226930705,-0.622837583971
one,4.30226930705,-3.37716241603
one,4.31782487953,-3.42505015746
one,4.31782487953,-0.574949842544
one,4.31783662741,-0.574949860795
one,4.31783662741,-3.4250501392
one,4.32313543723,-3.44104317258
one,4.32313543723,-0.55895682742
one,4.3641986046,-1.99999965764
one,4.36421498179,-2.00000034237
one,4.37167931792,-2.25557692627
one,4.37168062683,-1.74442324626
one,4.37168751329,-1.74441884719
one,4.37168882225,-2.25558098024
one,4.39302549154,-2.50241204854
one,4.39302582752,-1.49758757525
one,4.39303551952,-1.497589496
one,4.39303585548,-2.5024108802
one,4.42528610743,-2.73273405281
one,4.42528612499,-1.26726594223
one,4.42529592047,-1.26726608129
one,4.42529593804,-2.73273392368
one,4.46436535396,-2.9403724266
one,4.4643653581,-1.0596275758
one,4.46437524677,-1.05962760145
one,4.46437525091,-2.94037239616
one,4.50583830489,-0.879142700571
one,4.50583830524,-3.12085729899
one,4.50584819858,-3.1208572905
one,4.50584819893,-0.879142709933
one,4.54556727503,-3.27119003503
one,4.54556727505,-0.728809964968
one,4.54557716775,-0.728809975527
one,4.54557716776,-3.27119002448
one,4.58005480852,-0.610523730901
one,4.58005480852,-3.3894762691
one,4.58006470019,-3.38947625712
one,4.58006470019,-0.61052374288
one,4.60658665204,-0.525421132618
one,4.60658665204,-3.47457886738
one,4.6065965428,-0.525421145578
one,4.6065965428,-3.47457885442
one,4.62325515919,-0.474145970163
one,4.62325515919,-3.52585402984
one,4.62326504971,-3.52585401552
one,4.62326504971,-0.474145984478
one,4.62690426906,-1.99999944562
one,4.62691818297,-2.00000055439
one,4.62894002528,-0.457021651163
one,4.62894002528,-3.54297834884
one,4.63483463395,-2.27096162984
one,4.63483561691,-1.72903861425
one,4.63484158591,-1.72903407028
one,4.63484256889,-2.27096568561
one,4.65746590522,-2.53265492768
one,4.65746621414,-1.46734477823
one,4.65747413477,-1.46734646812
one,4.6574744437,-2.53265382599
one,4.69166844833,-2.77684135958
one,4.69166845682,-1.2231586424
one,4.69167644668,-1.22315879432
one,4.69167645516,-2.7768412037
one,4.73310008271,-2.99697861939
one,4.73310008643,-1.00302138294
one,4.73310817059,-1.00302140743
one,4.73310817432,-2.99697859025
one,4.77706951801,-0.811672129175
one,4.77706951843,-3.18832787043
one,4.77707760802,-3.18832786394
one,4.77707760844,-0.811672136458
one,4.81918999363,-3.34770996141
one,4.81918999364,-0.652290038584
one,4.81919808283,-0.65229004666
one,4.81919808284,-3.34770995335
one,4.85575352161,-0.526883504903
one,4.85575352161,-3.4731164951
one,4.85576161003,-3.4731164859
one,4.85576161003,-0.526883514097
one,4.86245782597,-1.99999927901
one,4.86246852607,-2.00000072098
one,4.87079102348,-2.28475620291
one,4.87079175247,-1.71524406345
one,4.87079650541,-1.71523945717
one,4.87079723439,-2.28476027645
one,4.88388246286,-0.436658112721
one,4.88388246286,-3.56334188728
one,4.88389055051,-3.56334187731
one,4.88389055051,-0.436658122695
one,4.89457445936,-2.55977193519
one,4.89457472991,-1.44022788986
one,4.8945809911,-1.44022918708
one,4.89458126163,-2.55977098786
one,4.90155433922,-3.61770358404
one,4.90155433922,-0.382296415957
one,4.90156242659,-3.61770357315
one,4.90156242659,-0.382296426852
one,4.90758020896,-0.364141286224
one,4.90758020896,-3.63585871378
one,4.93051820512,-1.18361016853
one,4.93051820517,-2.81638983537
one,4.93052450144,-2.81638968742
one,4.93052450148,-1.18361030868
one,4.97405909937,-3.04773414435
one,4.97405910107,-0.952265857645
one,4.97406547807,-0.952265879897
one,4.97406547977,-3.0477341181
one,5.02026698769,-0.751175138326
one,5.02026698819,-3.24882486138
one,5.02027337058,-3.24882485661
one,5.02027337108,-0.751175143687
one,5.06453178907,-3.41632098984
one,5.06453178908,-0.583679010146
one,5.06453817131,-0.58367901613
one,5.06453817132,-3.41632098388
one,5.06947677289,-1.99999918357
one,5.06948391861,-2.00000081641
one,5.07816370808,-2.29687981691
one,5.07816423193,-1.70312045861
one,5.07816774171,-1.70311604734
one,5.07816826557,-2.29688367714
one,5.10295674224,-3.54811188774
one,5.10295674224,-0.451888112257
one,5.1029597351,-2.58360394283
one,5.10295994201,-1.41639601355
one,5.10296312391,-0.451888119061
one,5.10296312391,-3.54811188094
one,5.10296466703,-1.41639681718
one,5.10296487395,-2.58360322645
one,5.1325177094,-3.64293059535
one,5.1325177094,-0.357069404655
one,5.13252409047,-0.357069412056
one,5.13252409047,-3.64293058794
one,5.14043370882,-1.14885259991
one,5.14043372001,-2.85114740192
one,5.14043844423,-2.85114728069
one,5.14043845542,-1.14885271748
one,5.15108924937,-3.70005981037
one,5.15108924937,-0.299940189635
one,5.15109563017,-3.70005980236
one,5.15109563017,-0.299940197637
one,5.1574208327,-0.280860791402
one,5.1574208327,-3.7191392086
one,5.18582835888,-0.907658853469
one,5.18582835969,-3.09234114778
one,5.18583316502,-3.09234112625
one,5.18583316583,-0.907658872509
one,5.23400353458,-0.69800674837
one,5.23400353506,-3.30199325145
one,5.23400834692,-3.30199324813
one,5.2340083474,-0.698006752053
one,5.24674597518,-1.99999916867
one,5.24674980482,-2.00000083132
one,5.25573571008,-2.30726141257
one,5.25573603089,-1.69273888682
one,5.25573846591,-1.6927350448
one,5.2557387867,-2.30726465581
one,5.28015289815,-3.47662048353
one,5.28015289815,-0.523379516454
one,5.28015771011,-0.523379520718
one,5.28015771012,-3.47662047929
one,5.28139883398,-2.60401111418
one,5.28139895731,-1.39598894811
one,5.28140231786,-1.39598927228
one,5.28140244117,-2.60401066542
one,5.32018310455,-1.11908990073
one,5.32018312487,-2.8809100953
one,5.32018645301,-2.88091000487
one,5.32018647332,-1.1190899991
one,5.3202137836,-3.61402234425
one,5.3202137836,-0.385977655748
one,5.32021859517,-0.385977660567
one,5.32021859517,-3.61402233943
one,5.35103330117,-3.7128779334
one,5.35103330117,-0.287122066604
one,5.35103811229,-0.28712207186
one,5.35103811229,-3.71287792814
one,5.36716511367,-0.869462142527
one,5.36716511628,-3.13053785806
one,5.36716852191,-3.130537843
one,5.36716852452,-0.869462156407
one,5.37039551957,-3.77243940972
one,5.37039551957,-0.227560590278
one,5.37040033046,-3.77243940409
one,5.37040033046,-0.227560595907
one,5.37699574741,-0.207668889647
one,5.37699574741,-3.79233111035
one,5.3932248527,-1.99999917809
one,5.39322623644,-2.0000008219
one,5.40246495877,-2.3158400083
one,5.40246507294,-1.68416028572
one,5.40246666143,-1.68415735491
one,5.4024667756,-2.31584235106
one,5.4170248676,-0.652478972504
one,5.41702486796,-3.34752102742
one,5.41702828293,-3.34752102524
one,5.41702828329,-0.652478974839
one,5.42884457333,-2.62087372873
one,5.42884461678,-1.37912638841
one,5.42884683297,-1.37912637393
one,5.42884687642,-2.62087350894
one,5.46478797047,-0.471745418914
one,5.46478797047,-3.52825458108
one,5.46479138571,-3.52825457821
one,5.46479138571,-0.4717454218
one,5.46871155044,-1.09449673282
one,5.46871157337,-2.90550325834
one,5.46871372497,-2.90550319834
one,5.4687137479,-1.09449681051
one,5.50624969499,-0.329538924143
one,5.50624969499,-3.67046107586
one,5.50625310997,-3.67046107263
one,5.50625310997,-0.32953892737
one,5.50805357605,-1.99999931934
one,5.50805388567,-2.00000068066
one,5.51700520914,-0.837899877819
one,5.51700521249,-3.16210012267
one,5.51700742752,-3.16210011394
one,5.51700743088,-0.837899885573
one,5.51749031813,-1.67743508582
one,5.51749035194,-2.32256514114
one,5.51749123161,-2.32256654588
one,5.51749126543,-1.67743322717
one,5.53814690177,-0.227226577363
one,5.53814690177,-3.77277342264
one,5.53815031647,-3.77277341911
one,5.53815031647,-0.227226580888
one,5.54443166251,-1.36590725916
one,5.54443166796,-2.63409285762
one,5.544432953,-2.63409277146
one,5.54443295846,-1.36590711176
one,5.55818617341,-3.83441762984
one,5.55818617341,-0.165582370158
one,5.55818958792,-0.165582373899
one,5.55818958792,-3.8344176261
one,5.56501641395,-3.85500489996
one,5.56501641395,-0.144995100038
one,5.56825694469,-0.614858985774
one,5.56825694487,-3.38514101416
one,5.56825916949,-3.38514101291
one,5.56825916966,-0.614858987156
one,5.585147424,-1.0752174218
one,5.58514744261,-2.92478256912
one,5.58514866287,-2.92478253792
one,5.58514868148,-1.07521747117
one,5.59055859676,-1.99999964163
one,5.59055860276,-2.00000035836
one,5.60013678762,-1.67260287868
one,5.60013685819,-2.3273972461
one,5.60013717897,-2.32739787928
one,5.60013724955,-1.67260199593
one,5.617353494,-0.42907972694
one,5.617353494,-3.57092027305
one,5.61735571888,-3.57092027125
one,5.61735571888,-0.429079728756
one,5.62748179701,-1.3564091575
one,5.62748181231,-2.64359091781
one,5.62748237721,-2.64359088506
one,5.6274823925,-1.35640903963
one,5.63446932427,-0.813157278077
one,5.63446932726,-3.18684272241
one,5.63447058832,-3.18684271839
one,5.63447059131,-0.813157281124
one,5.64025597527,-2.00000009246
one,5.64025599688,-1.99999990754
one,5.64991948991,-1.66969213045
one,5.64991951907,-2.33030790598
one,5.64991958656,-2.33030805954
one,5.64991961572,-1.66969190403
one,5.6599727437,-0.28290312236
one,5.6599727437,-3.71709687764
one,5.65997496843,-3.71709687564
one,5.65997496843,-0.28290312436
one,5.66880743608,-1.06136510234
one,5.66880744635,-2.9386348922
one,5.66880799126,-2.93863488157
one,5.66880800153,-1.0613651239
one,5.67750763914,-1.35068787791
one,5.67750764492,-2.64931214566
one,5.67750778442,-2.64931213628
one,5.6775077902,-1.35068784015
one,5.68681227585,-0.585367557232
one,5.68681227586,-3.41463244269
one,5.68681354454,-3.41463244207
one,5.68681354456,-0.585367558007
one,5.69276045421,-3.82226557252
one,5.69276045421,-0.177734427478
one,5.69276267877,-3.82226557034
one,5.69276267877,-0.177734429659
one,5.71335918067,-0.114369242113
one,5.71335918067,-3.88563075789
one,5.7133614051,-3.88563075559
one,5.7133614051,-0.114369244411
one,5.71886813322,-0.795379542332
one,5.71886813511,-3.20462045797
one,5.71886869991,-3.20462045683
one,5.7188687018,-0.795379542871
one,5.7192006343,-1.05302105966
one,5.71920063721,-2.94697893835
one,5.71920077342,-2.94697893653
one,5.71920077633,-1.05302106546
one,5.72037946457,-0.0932072171952
one,5.72037946457,-3.9067927828
one,5.73695415358,-0.395632819778
one,5.73695415359,-3.60436718021
one,5.7369554224,-3.60436717921
one,5.7369554224,-0.395632820795
one,5.76970635012,-0.784670997574
one,5.76970635071,-3.21532900252
one,5.76970649244,-3.21532900243
one,5.76970649303,-0.784670997474
one,5.77199513117,-3.43582224556
one,5.77199513123,-0.564177754378
one,5.77199570057,-0.564177754734
one,5.77199570062,-3.43582224533
one,5.78048082177,-3.75365607217
one,5.78048082177,-0.24634392783
one,5.7804820905,-0.246343928927
one,5.7804820905,-3.75365607107
one,5.81396662468,-0.138936056565
one,5.81396662468,-3.86106394344
one,5.81396789333,-0.138936057754
one,5.81396789333,-3.86106394225
one,5.82288808499,-0.371600977181
one,5.82288808499,-3.62839902281
one,5.82288865446,-3.62839902237
one,5.82288865446,-0.371600977637
one,5.82330562397,-3.44858607257
one,5.823305624,-0.551413927413
one,5.82330576716,-0.5514139275
one,5.82330576719,-3.44858607252
one,5.83500392444,-3.92577825486
one,5.83500392444,-0.0742217451438
one,5.83500519301,-0.0742217463907
one,5.83500519301,-3.92577825361
one,5.84217317756,-0.0526091529193
one,5.84217317756,-3.94739084708
one,5.86706673987,-3.77992411556
one,5.86706673987,-0.220075884441
one,5.86706730929,-0.220075884922
one,5.86706730929,-3.77992411508
one,5.87465099375,-0.357125227557
one,5.87465099375,-3.64287477244
one,5.87465113696,-3.64287477233
one,5.87465113696,-0.357125227672
one,5.90105412718,-0.111059148891
one,5.90105412718,-3.88894085111
one,5.90105469657,-0.111059149407
one,5.90105469657,-3.88894085059
one,5.91922237739,-0.204253143518
one,5.91922237739,-3.79574685648
one,5.91922252059,-3.79574685636
one,5.91922252059,-0.204253143637
one,5.922406545,-0.0453754807261
one,5.922406545,-3.95462451927
one,5.92240711436,-0.045375481265
one,5.92240711436,-3.95462451873
one,5.92968282736,-3.97656084728
one,5.92968282736,-0.0234391527198
one,5.9535118976,-0.0942672972362
one,5.9535118976,-3.90573270276
one,5.95351204078,-3.90573270264
one,5.95351204078,-0.0942672973635
one,5.975054129,-0.0279997302098
one,5.975054129,-3.97200026979
one,5.97505427218,-0.0279997303422
one,5.97505427218,-3.97200026966
one,5.98239487869,-3.9941316023
one,5.98239487869,-0.00586839769979
two,-5.98239466443,-3.99413160223
two,-5.98239466443,-0.00586839776629
two,-5.97505431826,-0.0280000310544
two,-5.97505431826,-3.97199996895
two,-5.97505365442,-3.9720005704
two,-5.97505365442,-0.0279994296034
two,-5.95351200514,-3.90572994982
two,-5.95351200514,-0.0942700501785
two,-5.95351150532,-3.90573545537
two,-5.95351150532,-0.0942645446296
two,-5.92968197533,-3.97656084697
two,-5.92968197533,-0.023439153029
two,-5.92240729755,-3.95462332303
two,-5.92240729755,-0.0453766769739
two,-5.92240465769,-3.95462571463
two,-5.92240465769,-0.0453742853657
two,-5.91923078136,-0.204238935759
two,-5.91923078136,-3.79576106424
two,-5.9192136908,-0.204267373071
two,-5.9192136908,-3.79573262693
two,-5.90105455554,-3.88892990482
two,-5.90105455554,-0.111070095177
two,-5.90105256755,-3.88895179758
two,-5.90105256755,-0.111048202417
two,-5.87473188587,-0.35707797965
two,-5.87473188587,-3.64292202035
two,-5.87456927323,-0.357172976366
two,-5.87456927323,-3.64282702363
two,-5.86710016852,-0.220019386994
two,-5.86710016852,-3.77998061301
two,-5.86703220928,-3.77986753152
two,-5.86703220928,-0.220132468478
two,-5.84217127907,-0.0526091538674
two,-5.84217127907,-3.94739084613
two,-5.83500560064,-3.92577558997
two,-5.83500560064,-0.0742244100284
two,-5.83499971838,-3.92578091801
two,-5.83499971838,-0.0742190819854
two,-5.82377419825,-0.551318816226
two,-5.82377419825,-3.44868118377
two,-5.82320985225,-3.62858688785
two,-5.82320985225,-0.371413112151
two,-5.82281656566,-0.551511916977
two,-5.82281656566,-3.44848808302
two,-5.82256321377,-3.62820910927
two,-5.82256321377,-0.371790890727
two,-5.81396757874,-0.138960437578
two,-5.81396757874,-3.86103956242
two,-5.81396314722,-0.138911660782
two,-5.81396314722,-3.86108833922
two,-5.78055536731,-0.24621801526
two,-5.78055536731,-3.75378198474
two,-5.78040396236,-0.246469962324
two,-5.78040396236,-3.75353003768
two,-5.77386137526,-3.43620096139
two,-5.77386137526,-0.563799038609
two,-5.7717151725,-3.21549995409
two,-5.7717151725,-0.78450004591
two,-5.77004980567,-0.564567118122
two,-5.77004980567,-3.43543288188
two,-5.76726652735,-0.784812564197
two,-5.76726652735,-3.2151874358
two,-5.73767191442,-3.60478516904
two,-5.73767191442,-0.395214830961
two,-5.73623122094,-3.6039433636
two,-5.73623122094,-0.396056636402
two,-5.72700803258,-3.20528548213
two,-5.72700803258,-0.794714517866
two,-5.72528574837,-1.05197154849
two,-5.72528574837,-2.94802845151
two,-5.72037613494,-3.90679278024
two,-5.72037613494,-0.0932072197582
two,-5.71336211745,-3.88562608667
two,-5.71336211745,-0.114373913325
two,-5.71335180065,-3.88563542747
two,-5.71335180065,-0.114364572534
two,-5.7089404631,-0.795848145049
two,-5.7089404631,-3.20415185495
two,-5.70351944813,-2.93797741024
two,-5.70351944813,-1.06202258976
two,-5.70062763901,-1.04953157892
two,-5.70062763901,-2.95046842108
two,-5.69276212082,-0.177777137608
two,-5.69276212082,-3.82222286239
two,-5.69275434243,-3.8223083894
two,-5.69275434243,-0.1776916106
two,-5.69098050545,-3.41546479567
two,-5.69098050545,-0.584535204328
two,-5.6896685261,-1.34609587905
two,-5.6896685261,-2.65390412095
two,-5.68247555035,-3.41375009588
two,-5.68247555035,-0.586249904117
two,-5.67625093183,-2.62619898745
two,-5.67625093183,-1.37380101255
two,-5.66672821631,-1.65850663219
two,-5.66672821631,-2.34149336781
two,-5.66011298615,-2.30629582839
two,-5.66011298615,-1.69370417161
two,-5.66010377214,-0.28268196502
two,-5.66010377214,-3.71731803498
two,-5.65983832066,-3.71687625352
two,-5.65983832066,-0.283123746475
two,-5.65917865399,-1.32243027259
two,-5.65917865399,-2.67756972741
two,-5.65686709601,-1.98120707856
two,-5.65686709601,-2.01879292144
two,-5.65317786518,-3.18808901375
two,-5.65317786518,-0.811910986246
two,-5.64374685333,-2.90202084279
two,-5.64374685333,-1.09797915721
two,-5.63319759916,-2.96504482007
two,-5.63319759916,-1.03495517993
two,-5.63111753252,-1.62371934826
two,-5.63111753252,-2.37628065174
two,-5.62240426281,-2.58684310598
two,-5.62240426281,-1.41315689402
two,-5.61861742151,-3.57165293262
two,-5.61861742151,-0.428347067378
two,-5.61609158579,-0.429823601458
two,-5.61609158579,-3.57017639854
two,-5.61560030408,-1.94044663266
two,-5.61560030408,-2.05955336734
two,-5.61271246965,-2.26417207813
two,-5.61271246965,-1.73582792187
two,-5.61127695957,-0.813965091854
two,-5.61127695957,-3.18603490815
two,-5.59030288937,-1.29685503327
two,-5.59030288937,-2.70314496673
two,-5.57561670752,-0.613434105044
two,-5.57561670751,-3.38656589496
two,-5.56501130034,-0.144995106469
two,-5.56501130034,-3.85500489353
two,-5.56067587723,-0.616470665704
two,-5.56067587723,-3.3835293343
two,-5.5591395375,-2.41221781007
two,-5.5591395375,-1.58778218993
two,-5.55819067304,-3.83441046505
two,-5.55819067304,-0.165589534954
two,-5.55817482857,-0.165575201647
two,-5.55817482857,-3.83442479835
two,-5.55163485019,-3.16351577745
two,-5.55163485019,-0.836484222547
two,-5.55154873452,-2.85858732217
two,-5.55154873451,-1.14141267783
two,-5.53994080942,-1.89782404697
two,-5.53994080941,-2.10217595303
two,-5.53814944194,-3.77270800069
two,-5.53814944194,-0.227291999308
two,-5.53813748071,-3.77283928324
two,-5.53813748071,-0.227160716759
two,-5.53693273156,-2.54001781468
two,-5.53693273156,-1.45998218532
two,-5.53283673079,-2.21794826435
two,-5.53283673079,-1.78205173565
two,-5.5305297748,-1.02550677693
two,-5.53052977479,-2.97449322307
two,-5.50645214517,-0.329198054778
two,-5.50645214516,-3.67080194522
two,-5.50604474477,-0.329876215833
two,-5.50604474477,-3.67012378417
two,-5.4833239119,-1.27475257907
two,-5.4833239119,-2.72524742093
two,-5.47203769701,-0.838892833103
two,-5.47203769701,-3.1611071669
two,-5.46675266241,-0.470619085475
two,-5.46675266241,-3.52938091452
two,-5.46287658926,-0.472887421892
two,-5.46287658926,-3.52711257811
two,-5.44576679245,-2.44144250041
two,-5.44576679245,-1.55855749959
two,-5.43442124296,-2.81293520914
two,-5.43442124296,-1.18706479086
two,-5.42858491986,-3.34964289639
two,-5.42858491986,-0.650357103608
two,-5.42752528962,-3.13150344278
two,-5.42752528961,-0.868496557222
two,-5.42250586154,-1.86626133059
two,-5.42250586153,-2.13373866941
two,-5.42185249074,-1.49773477246
two,-5.42185249074,-2.50226522754
two,-5.41545980178,-1.8153310145
two,-5.41545980178,-2.18466898549
two,-5.40559182699,-3.3448254626
two,-5.40559182699,-0.655174537402
two,-5.38982504041,-2.98053595088
two,-5.38982504041,-1.01946404912
two,-5.37698853414,-3.79233109531
two,-5.37698853413,-0.207668904692
two,-5.37040183583,-0.227570667773
two,-5.37040183583,-3.77242933223
two,-5.37037948745,-0.227550483682
two,-5.37037948745,-3.77244951632
two,-5.35103683292,-0.287213855293
two,-5.35103683292,-3.71278614471
two,-5.35101992588,-0.287028879134
two,-5.35101992588,-3.71297112087
two,-5.32999013196,-1.26109934953
two,-5.32999013196,-2.73890065047
two,-5.32050289268,-3.61450629403
two,-5.32050289268,-0.385493705974
two,-5.31992889883,-3.61355064391
two,-5.31992889883,-0.386449356086
two,-5.29590556747,-0.914956053134
two,-5.29590556747,-3.08504394686
two,-5.289522574,-2.78056729443
two,-5.289522574,-1.21943270557
two,-5.28644494233,-2.45322923574
two,-5.28644494233,-1.54677076426
two,-5.28448460755,-3.14111566705
two,-5.28448460755,-0.858884332959
two,-5.28299693013,-3.47820721296
two,-5.28299693013,-0.521792787038
two,-5.27753419411,-3.47500741942
two,-5.27753419411,-0.524992580581
two,-5.27006656993,-1.51964802167
two,-5.27006656993,-2.48035197833
two,-5.26344266927,-2.14605427506
two,-5.26344266927,-1.85394572494
two,-5.25899677473,-1.83121778219
two,-5.25899677473,-2.16878221781
two,-5.25125811273,-3.30479358726
two,-5.25125811273,-0.695206412744
two,-5.21862854493,-0.702461480454
two,-5.21862854493,-3.29753851955
two,-5.20462975182,-1.01961344261
two,-5.20462975182,-2.98038655739
two,-5.15741124137,-0.280860824333
two,-5.15741124137,-3.71913917567
two,-5.1510975677,-3.70004649425
two,-5.1510975677,-0.299953505749
two,-5.15106786052,-0.299926757262
two,-5.15106786052,-3.70007324274
two,-5.13803825697,-2.73257859085
two,-5.13803825697,-1.26742140915
two,-5.13252230503,-3.64280983892
two,-5.13252230503,-0.357190161084
two,-5.13249974848,-3.64305522102
two,-5.13249974848,-0.356944778978
two,-5.13224805005,-3.03626644084
two,-5.13224805005,-0.963733559159
two,-5.11095672913,-1.24574384964
two,-5.11095672913,-2.75425615036
two,-5.10334990054,-3.54876273479
two,-5.10334990054,-0.451237265208
two,-5.10258799814,-3.54749458236
two,-5.10258799814,-0.452505417644
two,-5.09710316535,-2.44883767372
two,-5.09710316535,-1.55116232628
two,-5.08666460177,-1.53642983673
two,-5.08666460177,-2.46357016327
two,-5.07591918837,-2.14752442894
two,-5.07591918836,-1.85247557106
two,-5.07312863925,-1.83990483374
two,-5.07312863925,-2.16009516626
two,-5.0707414873,-0.871180798219
two,-5.0707414873,-3.12881920178
two,-5.06849255106,-0.581586577123
two,-5.06849255106,-3.41841342288
two,-5.06122521525,-0.585827614359
two,-5.06122521525,-3.41417238564
two,-5.04609854486,-3.25194335025
two,-5.04609854486,-0.748056649749
two,-5.0017607334,-3.24158445534
two,-5.0017607334,-0.75841554466
two,-4.97971720404,-2.96060648225
two,-4.97971720404,-1.03939351775
two,-4.93204548334,-1.00714343718
two,-4.93204548334,-2.99285656282
two,-4.9196515139,-2.71328793074
two,-4.9196515139,-1.28671206926
two,-4.90756798753,-3.63585864579
two,-4.90756798753,-0.364141354208
two,-4.90156474551,-0.382313159719
two,-4.90156474551,-3.61768684028
two,-4.90152691996,-0.382279296656
two,-4.90152691996,-3.61772070334
two,-4.90142288736,-2.72689230693
two,-4.90142288736,-1.27310769306
two,-4.88388817314,-3.56319114289
two,-4.88388817314,-0.436808857112
two,-4.88385927183,-0.436497616735
two,-4.88385927183,-3.56350238326
two,-4.88135872778,-2.43727712099
two,-4.88135872778,-1.56272287902
two,-4.87431457544,-1.55338583991
two,-4.87431457543,-2.44661416009
two,-4.8613927037,-2.14500870521
two,-4.86139270369,-1.85499129479
two,-4.85951133619,-1.84697054665
two,-4.85951133618,-2.15302945334
two,-4.85627530348,-0.5260377542
two,-4.85627530348,-3.4739622458
two,-4.85530575294,-0.527647702397
two,-4.85530575294,-3.4723522976
two,-4.82465284591,-3.35031315154
two,-4.82465284591,-0.649686848463
two,-4.81970392745,-3.19176762996
two,-4.81970392745,-0.808232370042
two,-4.81889600526,-3.11247426313
two,-4.81889600526,-0.887525736871
two,-4.81532636112,-3.34498978722
two,-4.81532636112,-0.65501021278
two,-4.75752887134,-0.822332054944
two,-4.75752887134,-3.17766794506
two,-4.72926142223,-1.07465445652
two,-4.72926142223,-2.92534554348
two,-4.69881896553,-1.05297344958
two,-4.69881896553,-2.94702655042
two,-4.67547708951,-2.68663703234
two,-4.67547708951,-1.31336296766
two,-4.66298505553,-1.30382016282
two,-4.66298505553,-2.69617983718
two,-4.63916525692,-2.42137536203
two,-4.63916525691,-1.57862463797
two,-4.63424213311,-1.57215025207
two,-4.63424213311,-2.42784974792
two,-4.62892491175,-3.54297821542
two,-4.62892491175,-0.457021784575
two,-4.62326758958,-0.474166109651
two,-4.62326758958,-3.52583389035
two,-4.62322087932,-0.474124746644
two,-4.62322087932,-3.52587525336
two,-4.62008372703,-2.14043574141
two,-4.62008372703,-1.85956425859
two,-4.61876164696,-1.85401213391
two,-4.61876164694,-2.14598786609
two,-4.60659358687,-3.47439959539
two,-4.60659358687,-0.525600404612
two,-4.60655754056,-3.47478127787
two,-4.60655754056,-0.525218722127
two,-4.58075009823,-3.39055763325
two,-4.58075009823,-0.609442366755
two,-4.57954605243,-3.38857874943
two,-4.57954605243,-0.61142125057
two,-4.57752691455,-3.1451083891
two,-4.57752691454,-0.854891610897
two,-4.55331972841,-0.72582595106
two,-4.55331972841,-3.27417404894
two,-4.54141655527,-0.732068547754
two,-4.54141655527,-3.26793145225
two,-4.52220838115,-3.07294017614
two,-4.52220838115,-0.927059823862
two,-4.487854498,-3.10774185847
two,-4.487854498,-0.892258141534
two,-4.45475022233,-2.88117411149
two,-4.45475022233,-1.11882588851
two,-4.43566507903,-1.10330426639
two,-4.43566507903,-2.89669573361
two,-4.40577950062,-2.6543466836
two,-4.40577950061,-1.3456533164
two,-4.39723668437,-2.66143848966
two,-4.39723668436,-1.33856151034
two,-4.37115446232,-2.40204522723
two,-4.37115446232,-1.59795477278
two,-4.36767291971,-1.59322575874
two,-4.3676729197,-2.40677424126
two,-4.35281471791,-2.1344381334
two,-4.35281471789,-1.8655618666
two,-4.35186928834,-1.86153386425
two,-4.35186928833,-2.13846613575
two,-4.32311705757,-3.44104292101
two,-4.32311705757,-0.558957078987
two,-4.31783904298,-0.574972965285
two,-4.31783904298,-3.42502703472
two,-4.31778235157,-3.42507619856
two,-4.31778235157,-0.574923801436
two,-4.30226607361,-0.623039971692
two,-4.30226607361,-3.37696002831
two,-4.30222185104,-0.622582050994
two,-4.30222185104,-3.37741794901
two,-4.29029243542,-3.11154615589
two,-4.29029243542,-0.888453844106
two,-4.27845294892,-0.700926701223
two,-4.27845294892,-3.29907329878
two,-4.27694409939,-0.703313440717
two,-4.27694409939,-3.29668655928
two,-4.25742252913,-3.18969607878
two,-4.25742252913,-0.810303921223
two,-4.24121687814,-3.18357443694
two,-4.24121687814,-0.816425563065
two,-4.21061091186,-0.989035233729
two,-4.21061091186,-3.01096476627
two,-4.19315494051,-0.966698951881
two,-4.19315494051,-3.03330104812
two,-4.15655832004,-2.83011951367
two,-4.15655832004,-1.16988048633
two,-4.14508082694,-1.15866789438
two,-4.14508082694,-2.84133210562
two,-4.1115165659,-1.38284745412
two,-4.11151656589,-2.61715254588
two,-4.10579362617,-1.37744721871
two,-4.10579362616,-2.62255278129
two,-4.07848206063,-2.37970521198
two,-4.07848206062,-1.62029478802
two,-4.07603343834,-1.61673983214
two,-4.07603343834,-2.38326016785
two,-4.06083611562,-2.12728619324
two,-4.06083611562,-1.87271380676
two,-4.06015948295,-1.86971245436
two,-4.06015948292,-2.13028754564
two,-3.99193857314,-3.33065091593
two,-3.99193857314,-0.669349084071
two,-3.98707116491,-0.684141524892
two,-3.98707116491,-3.31585847511
two,-3.98700197209,-0.684083847297
two,-3.98700197209,-3.3159161527
two,-3.97269203669,-3.27144992924
two,-3.97269203669,-0.72855007076
two,-3.97263905361,-0.727999297377
two,-3.97263905361,-3.27200070262
two,-3.96429430093,-3.09262679164
two,-3.96429430093,-0.907373208358
two,-3.95139174013,-3.20013040811
two,-3.95139174013,-0.799869591886
two,-3.94929196347,-0.802756875116
two,-3.94929196347,-3.19724312488
two,-3.93858298779,-0.918285867679
two,-3.93858298779,-3.08171413232
two,-3.91649196494,-0.907432729383
two,-3.91649196494,-3.09256727062
two,-3.88204773417,-2.94057343562
two,-3.88204773417,-1.05942656438
two,-3.87391407025,-2.95440689147
two,-3.87391407025,-1.04559310853
two,-3.8357718958,-2.77291550352
two,-3.8357718958,-1.22708449648
two,-3.82933583012,-1.21917851366
two,-3.82933583012,-2.78082148634
two,-3.79411258115,-2.57547753763
two,-3.79411258114,-1.42452246238
two,-3.79043043846,-2.57959496426
two,-3.79043043845,-1.42040503574
two,-3.76265274731,-2.35461386693
two,-3.7626527473,-1.64538613308
two,-3.7609668026,-1.64267818314
two,-3.76096680258,-2.35732181686
two,-3.7456957378,-2.11912660752
two,-3.74569573777,-1.88087339247
two,-3.74521787583,-1.87860584443
two,-3.74521787583,-2.12139415557
two,-3.63733129436,-0.787550088905
two,-3.63733129436,-3.21244991109
two,-3.63290463451,-0.801030229346
two,-3.63290463451,-3.19896977065
two,-3.63281430233,-3.19904004232
two,-3.63281430233,-0.80095995768
two,-3.62986979979,-3.05269975965
two,-3.62986979979,-0.947300240351
two,-3.61980586062,-0.841504759902
two,-3.61980586062,-3.1584952401
two,-3.61975553066,-0.840780003098
two,-3.61975553066,-3.1592199969
two,-3.60300694167,-3.09411818555
two,-3.60300694167,-0.90588181445
two,-3.59851590844,-0.90914100503
two,-3.59851590844,-3.09085899497
two,-3.57363959784,-2.98703410075
two,-3.57363959784,-1.01296589925
two,-3.56900266064,-2.9955187121
two,-3.56900266064,-1.0044812879
two,-3.53471602364,-1.137176111
two,-3.53471602364,-2.862823889
two,-3.53149718192,-1.129285615
two,-3.53149718192,-2.870714385
two,-3.49385304046,-2.70990093903
two,-3.49385304046,-1.29009906097
two,-3.49060759207,-1.28479352144
two,-3.49060759206,-2.71520647856
two,-3.45529093246,-1.47040688661
two,-3.45529093246,-2.52959311339
two,-3.45307431037,-1.46732406895
two,-3.45307431036,-2.53267593105
two,-3.42543065898,-2.32695643422
two,-3.42543065897,-1.67304356578
two,-3.42431580504,-2.32902117691
two,-3.42431580504,-1.67097882309
two,-3.40917343374,-1.88994548251
two,-3.40917343374,-2.11005451748
two,-3.4088456807,-1.88822451041
two,-3.40884568066,-2.11177548961
two,-3.26136545959,-3.0871330079
two,-3.26136545959,-0.912866992095
two,-3.26110142743,-3.0163003241
two,-3.26110142743,-0.983699675896
two,-3.2574174888,-3.0750476798
two,-3.2574174888,-0.924952320195
two,-3.25725180888,-3.07516994483
two,-3.25725180888,-0.924830055173
two,-3.24623826895,-3.04041199769
two,-3.24623826895,-0.959588002305
two,-3.24567739712,-0.961237245216
two,-3.24567739712,-3.03876275478
two,-3.22861237809,-2.97534688278
two,-3.22861237809,-1.02465311722
two,-3.22665337592,-2.9781629655
two,-3.22665337592,-1.0218370345
two,-3.20141275568,-1.11082107696
two,-3.20141275568,-2.88917892304
two,-3.20058581545,-2.89291283946
two,-3.20058581545,-1.10708716054
two,-3.16881029551,-2.77801365854
two,-3.16881029551,-1.22198634146
two,-3.16782586666,-2.78208400239
two,-3.16782586666,-1.21791599761
two,-3.13243504273,-2.64132181956
two,-3.13243504273,-1.35867818044
two,-3.13104507574,-1.35535971051
two,-3.13104507573,-2.64464028949
two,-3.09695900861,-2.47967892555
two,-3.09695900861,-1.52032107446
two,-3.09575968944,-2.48190142398
two,-3.09575968944,-1.51809857602
two,-3.06878216623,-1.70313540377
two,-3.06878216622,-2.29686459623
two,-3.06809432601,-1.70157881428
two,-3.068094326,-2.29842118572
two,-3.05324495487,-2.10013607343
two,-3.05324495484,-1.89986392655
two,-3.05303165819,-2.10143742394
two,-3.05303165818,-1.89856257607
two,-2.86793482838,-1.02061147535
two,-2.86793482838,-2.97938852465
two,-2.86640907422,-2.95545076918
two,-2.86640907422,-1.04454923082
two,-2.86302376134,-1.05523780838
two,-2.86302376134,-2.94476219162
two,-2.86281320332,-2.94481915784
two,-2.86281320332,-1.05518084216
two,-2.85274464026,-2.91263387642
two,-2.85274464026,-1.08736612358
two,-2.85249947121,-2.91295016132
two,-2.85249947121,-1.08704983868
two,-2.83603320541,-1.14100247462
two,-2.83603320541,-2.85899752538
two,-2.83585011637,-1.14021929292
two,-2.83585011637,-2.85978070708
two,-2.81333819178,-2.78376682956
two,-2.81333819178,-1.21623317044
two,-2.81326521063,-2.78516206265
two,-2.81326521063,-1.21483793735
two,-2.7852467457,-1.31324151349
two,-2.7852467457,-2.68675848651
two,-2.78508440828,-1.31135241929
two,-2.78508440828,-2.68864758071
two,-2.7532576754,-2.56748534783
two,-2.7532576754,-1.43251465217
two,-2.75281508216,-1.43061419261
two,-2.75281508216,-2.5693858074
two,-2.72112775903,-1.57412975197
two,-2.72112775903,-2.42587024804
two,-2.72058679731,-1.57261965985
two,-2.72058679731,-2.42738034014
two,-2.69482859133,-2.26441900733
two,-2.69482859132,-1.73558099267
two,-2.69445269456,-2.26556193692
two,-2.69445269455,-1.73443806308
two,-2.68005806424,-1.91058658472
two,-2.68005806423,-2.08941341526
two,-2.67993168295,-1.90961529806
two,-2.67993168291,-2.09038470197
two,-2.45578804085,-1.05359899332
two,-2.45578804085,-2.94640100668
two,-2.45442432899,-1.18186129707
two,-2.45442432899,-2.81813870293
two,-2.45144086593,-2.8090396978
two,-2.45144086593,-1.1909603022
two,-2.45140806463,-1.19095333932
two,-2.45140806463,-2.80904666068
two,-2.44262457685,-1.21827999907
two,-2.44262457685,-2.78172000093
two,-2.44257785598,-1.21821795619
two,-2.44257785598,-2.78178204381
two,-2.42840640787,-2.73613692472
two,-2.42840640787,-1.26386307528
two,-2.42837495941,-2.73634809628
two,-2.42837495941,-1.26365190372
two,-2.40927123772,-1.32727349114
two,-2.40927123772,-2.67272650886
two,-2.40924108375,-1.32774677986
two,-2.40924108375,-2.67225322014
two,-2.38559281122,-1.40924470876
two,-2.38559281122,-2.59075529124
two,-2.385538987,-2.58996862398
two,-2.385538987,-1.41003137602
two,-2.35818279291,-2.48883373711
two,-2.35818279291,-1.51116626289
two,-2.35813610532,-1.51018579482
two,-2.35813610532,-2.48981420518
two,-2.32986244123,-2.36831070792
two,-2.32986244123,-1.63168929209
two,-2.32969812127,-2.36925514921
two,-2.32969812126,-1.63074485079
two,-2.30580077791,-1.77034808385
two,-2.3058007779,-2.22965191616
two,-2.30563950297,-1.76954725691
two,-2.30563950296,-2.23045274308
two,-2.29191311947,-2.07790240509
two,-2.29191311943,-1.92209759488
two,-2.29185092599,-2.07860852892
two,-2.29185092597,-1.9213914711
two,-2.02868683071,-2.91909343416
two,-2.02868683071,-1.08090656584
two,-2.02810571993,-1.3239656806
two,-2.02810571993,-2.6760343194
two,-2.02562782366,-2.66852433202
two,-2.02562782366,-1.33147566798
two,-2.0256173829,-2.66852506719
two,-2.0256173829,-1.33147493281
two,-2.01833348318,-1.35399750802
two,-2.01833348318,-2.64600249198
two,-2.01832002772,-1.35398421005
two,-2.01832002772,-2.64601578995
two,-2.00662481144,-2.60849199801
two,-2.00662481144,-1.39150800199
two,-2.00661756253,-1.39145305841
two,-2.00661756253,-2.60854694159
two,-1.9909895791,-1.4438218904
two,-1.9909895791,-2.5561781096
two,-1.99096494487,-2.55603226676
two,-1.99096494487,-1.44396773324
two,-1.97175883705,-1.51107937515
two,-1.97175883705,-2.48892062485
two,-1.97169104109,-2.48862940607
two,-1.97169104109,-1.51137059393
two,-1.9492978971,-2.40639686347
two,-1.9492978971,-1.59360313653
two,-1.9492323755,-2.40594938277
two,-1.9492323755,-1.59405061723
two,-1.92527502594,-1.69226355732
two,-1.92527502594,-2.30773644267
two,-1.92526612594,-1.69279293688
two,-1.92526612593,-2.30720706312
two,-1.90399318166,-2.19256077574
two,-1.90399318165,-1.80743922426
two,-1.90396184306,-2.19308117112
two,-1.90396184305,-1.80691882887
two,-1.89124147939,-1.93441188863
two,-1.89124147937,-2.06558811135
two,-1.89122316444,-1.93392255705
two,-1.8912231644,-2.06607744297
two,-1.58989082366,-2.5299632421
two,-1.58989082366,-1.4700367579
two,-1.58988038868,-1.10283233536
two,-1.58988038868,-2.89716766464
two,-1.58794442137,-2.52407857018
two,-1.58794442137,-1.47592142982
two,-1.58794054245,-1.47592155547
two,-1.58794054245,-2.52407844453
two,-1.58222289768,-2.50644205687
two,-1.58222289768,-1.49355794313
two,-1.58221853403,-2.50644465058
two,-1.58221853403,-1.49355534942
two,-1.57306460571,-2.47710433118
two,-1.57306460571,-1.52289566882
two,-1.5730625694,-2.47711737045
two,-1.5730625694,-1.52288262955
two,-1.56090732856,-1.56380883149
two,-1.56090732856,-2.43619116851
two,-1.56089610183,-2.4361512326
two,-1.56089610183,-1.5638487674
two,-1.54606275494,-1.61622791895
two,-1.54606275494,-2.38377208105
two,-1.54602321905,-2.38367830343
two,-1.54602321905,-1.61632169657
two,-1.528671041,-1.68030618755
two,-1.528671041,-2.31969381245
two,-1.52860724677,-1.68048214328
two,-1.52860724677,-2.31951785672
two,-1.50955164945,-2.2431304304
two,-1.50955164945,-1.7568695696
two,-1.50949505926,-2.24287332805
two,-1.50949505926,-1.75712667195
two,-1.4917507944,-1.84655309649
two,-1.49175079439,-2.1534469035
two,-1.49172302111,-1.84685398683
two,-1.4917230211,-2.15314601319
two,-1.48057595752,-2.05273749163
two,-1.4805759575,-1.9472625084
two,-1.48056967384,-2.05242660256
two,-1.48056967379,-1.94757339742
two,-1.14234739557,-1.61921769181
two,-1.14234739557,-2.38078230819
two,-1.14200670511,-2.88066071595
two,-1.14200670511,-1.11933928405
two,-1.14094752399,-2.37655501679
two,-1.14094752399,-1.62344498321
two,-1.14094601627,-2.37655489703
two,-1.14094601627,-1.62344510297
two,-1.1368352985,-2.36389015293
two,-1.1368352985,-1.63610984707
two,-1.13683376877,-1.63610943974
two,-1.13683376877,-2.36389056026
two,-1.1302641605,-1.65716103299
two,-1.1302641605,-2.34283896701
two,-1.13026339978,-1.65715835399
two,-1.13026339978,-2.34284164601
two,-1.12158030903,-1.68649718521
two,-1.12158030903,-2.31350281479
two,-1.12157657286,-2.31349350702
two,-1.12157657286,-1.68650649298
two,-1.11105151929,-1.72399120944
two,-1.11105151929,-2.27600879056
two,-1.11103516472,-2.27598369701
two,-1.11103516472,-1.72401630299
two,-1.09871366198,-2.23033867842
two,-1.09871366198,-1.76966132158
two,-1.09867864807,-2.23028193608
two,-1.09867864807,-1.76971806392
two,-1.08484128904,-1.82414412169
two,-1.08484128903,-2.17585587831
two,-1.08479622361,-1.82424646276
two,-1.0847962236,-2.17575353724
two,-1.07134673228,-2.11162958358
two,-1.07134673228,-1.8883704164
two,-1.0713107571,-2.11148515133
two,-1.07131075709,-1.88851484868
two,-1.06246157877,-1.96145888231
two,-1.06246157873,-2.03854111771
two,-1.06244829582,-1.96162641065
two,-1.06244829581,-2.03837358932
two,-0.688100833551,-2.22936687694
two,-0.688100833551,-1.77063312306
two,-0.687640990215,-2.86963296174
two,-0.687640990215,-1.13036703826
two,-0.687257193432,-2.22682079682
two,-0.687257193432,-1.77317920318
two,-0.687256632982,-2.22682075253
two,-0.687256632982,-1.77317924747
two,-0.684779734765,-2.21919426043
two,-0.684779734765,-1.78080573957
two,-0.684779191884,-1.78080570263
two,-0.684779191884,-2.21919429737
two,-0.680824734347,-2.20652347133
two,-0.680824734347,-1.79347652867
two,-0.680824390677,-1.7934761075
two,-0.680824390677,-2.2065238925
two,-0.675614068783,-1.81112221945
two,-0.675614068783,-2.18887778055
two,-0.675613279172,-2.18887613809
two,-0.675613279172,-1.81112386191
two,-0.669331937723,-1.83363628631
two,-0.669331937723,-2.16636371369
two,-0.669327370603,-1.83364122444
two,-0.669327370603,-2.16635877556
two,-0.661978726855,-2.13902106532
two,-0.661978726855,-1.86097893468
two,-0.661966701052,-1.86099212587
two,-0.661966701052,-2.13900787413
two,-0.653570524851,-2.10645970012
two,-0.653570524844,-1.89354029988
two,-0.653551262904,-2.10643071148
two,-0.653551262903,-1.89356928852
two,-0.645109709436,-1.93210776045
two,-0.645109709428,-2.06789223954
two,-0.645090671082,-2.06784348712
two,-0.645090671075,-1.9321565129
two,-0.639335128439,-2.02352662839
two,-0.639335128432,-1.97647337164
two,-0.63932695223,-2.02346338165
two,-0.639326952201,-1.97653661833
two,-0.229816472827,-2.07660547154
two,-0.229816472827,-1.92339452846
two,-0.229534647662,-1.92424484969
two,-0.229534647662,-2.07575515031
two,-0.229534507786,-1.92424485794
two,-0.229534507786,-2.07575514206
two,-0.229370349768,-2.86412620427
two,-0.229370349768,-1.13587379573
two,-0.228707139844,-1.92679168382
two,-0.228707139844,-2.07320831618
two,-0.22870700553,-2.07320831206
two,-0.22870700553,-1.92679168794
two,-0.227386699956,-1.93102208766
two,-0.227386699956,-2.06897791234
two,-0.227386588965,-2.06897793254
two,-0.227386588965,-1.93102206746
two,-0.225649697695,-2.06308866443
two,-0.225649697695,-1.93691133557
two,-0.225649695169,-1.93691123138
two,-0.225649695169,-2.06308876862
two,-0.223562046357,-2.05558174131
two,-0.223562046356,-1.94441825869
two,-0.223561670865,-1.94441861001
two,-0.223561670864,-2.05558138999
two,-0.221120628329,-1.95351970569
two,-0.221120628329,-2.04648029431
two,-0.221119401233,-1.95352078072
two,-0.221119401232,-2.04647921928
two,-0.218302453243,-2.03565348711
two,-0.218302453242,-1.96434651289
two,-0.218300207157,-1.96434924669
two,-0.218300207151,-2.03565075331
two,-0.215414130326,-1.97720559124
two,-0.215414130312,-2.02279440874
two,-0.21541166225,-2.02278923823
two,-0.215411662247,-1.97721076179
two,-0.21340720672,-1.99208769811
two,-0.213407206702,-2.00791230191
two,-0.213406072113,-2.00790509939
two,-0.213406072113,-1.99209490059
two,0.213406060004,-2.00790506329
two,0.213406060012,-1.99209493673
two,0.213407218927,-1.99208766202
two,0.213407218932,-2.00791233795
two,0.21541162866,-1.97721079334
two,0.215411628665,-2.02278920664
two,0.215414163941,-1.9772055598
two,0.215414163961,-2.02279444022
two,0.218300155563,-1.96434927436
two,0.218300155569,-2.03565072564
two,0.218302504775,-2.03565351464
two,0.218302504779,-1.96434648536
two,0.221119331166,-1.95352080635
two,0.221119331167,-2.04647919365
two,0.221120698228,-1.95351968022
two,0.221120698228,-2.04648031978
two,0.223561581125,-1.94441863274
two,0.223561581125,-2.05558136726
two,0.223562135789,-2.05558176387
two,0.223562135789,-1.94441823613
two,0.225649589905,-2.06308864601
two,0.225649589905,-1.93691135399
two,0.225649802499,-1.93691121312
two,0.225649802499,-2.06308878688
two,0.22738657759,-1.93102210186
two,0.22738657759,-2.06897789814
two,0.227386710728,-1.9310220534
two,0.227386710728,-2.0689779466
two,0.228707006941,-2.07320830519
two,0.228707006941,-1.92679169481
two,0.228707137717,-2.07320832293
two,0.228707137717,-1.92679167707
two,0.229534508416,-2.0757551413
two,0.229534508416,-1.9242448587
two,0.229534646244,-2.07575515098
two,0.229534646244,-1.92424484902
two,0.22981647242,-2.0766054715
two,0.22981647242,-1.9233945285
two,0.230200445222,-1.13583938894
two,0.230200445222,-2.86416061106
two,0.639326934934,-1.97653667078
two,0.639326934941,-2.02346332925
two,0.639335146349,-1.97647331931
two,0.639335146365,-2.02352668068
two,0.645090609796,-2.06784341991
two,0.645090609818,-1.93215658007
two,0.645109771191,-2.06789230628
two,0.645109771203,-1.93210769373
two,0.653551139208,-1.8935693745
two,0.653551139215,-2.1064306255
two,0.653570648509,-2.10645978507
two,0.653570648514,-1.89354021493
two,0.661966496778,-2.13900777553
two,0.661966496779,-1.86099222447
two,0.661978929939,-2.13902116216
two,0.661978929939,-1.86097883784
two,0.66932707647,-1.83364132326
two,0.669327076471,-2.16635867674
two,0.669332228745,-2.1663638101
two,0.669332228746,-1.8336361899
two,0.675612898421,-2.18887604884
two,0.675612898421,-1.81112395116
two,0.675614443937,-2.18887786703
two,0.675614443937,-1.81112213297
two,0.680824278676,-2.20652339512
two,0.680824278676,-1.79347660488
two,0.680824838114,-2.2065239659
two,0.680824838114,-1.7934760341
two,0.684779221366,-2.21919419637
two,0.684779221366,-1.78080580363
two,0.684779694721,-2.21919435877
two,0.684779694721,-1.78080564123
two,0.687256643625,-1.77317925867
two,0.687256643625,-2.22682074133
two,0.68725717063,-2.22682080558
two,0.68725717063,-1.77317919442
two,0.688100827185,-1.77063312424
two,0.688100827185,-2.22936687576
two,0.688459820558,-2.86973533719
two,0.688459820558,-1.13026466281
two,1.0624482995,-2.03837363785
two,1.06244829953,-1.96162636216
two,1.06246157539,-2.03854106972
two,1.0624615754,-1.96145893026
two,1.07131073778,-1.88851486747
two,1.0713107378,-2.11148513251
two,1.07134675268,-1.88837039669
two,1.07134675271,-2.11162960332
two,1.0847961038,-1.82424658409
two,1.08479610381,-2.17575341591
two,1.08484141035,-2.17585599877
two,1.08484141036,-1.82414400123
two,1.09867833914,-1.76971827565
two,1.09867833914,-2.23028172435
two,1.09871396975,-1.76966111547
two,1.09871396976,-2.23033888453
two,1.11103460665,-1.72401656212
two,1.11103460665,-2.27598343789
two,1.11105206753,-2.27600903764
two,1.11105206753,-1.72399096236
two,1.12157574681,-1.68650675887
two,1.12157574681,-2.31349324113
two,1.12158110991,-1.68649693714
two,1.12158110991,-2.31350306286
two,1.1302630802,-1.65716128036
two,1.1302630802,-2.34283871964
two,1.13026443493,-1.65715812789
two,1.13026443493,-2.34284187211
two,1.13683400712,-1.63611006469
two,1.13683400712,-2.36388993531
two,1.13683499462,-2.3638907558
two,1.13683499462,-1.6361092442
two,1.14094609237,-1.62344517415
two,1.14094609237,-2.37655482585
two,1.140947367,-1.62344493333
two,1.140947367,-2.37655506667
two,1.14234735225,-2.38078229785
two,1.14234735225,-1.61921770215
two,1.14280335284,-1.11917129177
two,1.14280335284,-2.88082870823
two,1.48056969502,-1.94757313202
two,1.48056969504,-2.052426868
two,1.48057593459,-1.94726277209
two,1.48057593462,-2.0527372279
two,1.49172306705,-2.15314618644
two,1.49172306707,-1.84685381355
two,1.49175074763,-2.15344673572
two,1.49175074765,-1.84655326429
two,1.50949502586,-1.75712670801
two,1.50949502587,-2.24287329198
two,1.50955168578,-2.24313047289
two,1.50955168578,-1.75686952711
two,1.52860691454,-2.31951754757
two,1.52860691454,-1.68048245243
two,1.52867137733,-2.31969411556
two,1.52867137733,-1.68030588445
two,1.54602234865,-1.61632222713
two,1.54602234865,-2.38367777287
two,1.54606360734,-1.61622742668
two,1.54606360734,-2.38377257332
two,1.56089453846,-1.56384940963
two,1.56089453846,-2.43615059037
two,1.56090880731,-2.43619173025
two,1.56090880731,-1.56380826975
two,1.57306230162,-2.47710367882
two,1.57306230162,-1.52289632118
two,1.57306467547,-2.47711790776
two,1.57306467547,-1.52288209224
two,1.58221992266,-2.50644146503
two,1.58221992266,-1.49355853497
two,1.5822211748,-1.49355488707
two,1.5822211748,-2.50644511293
two,1.58794097313,-1.47592194306
two,1.58794097313,-2.52407805694
two,1.58794354317,-1.47592116888
two,1.58794354317,-2.52407883112
two,1.58989057758,-2.52996318109
two,1.58989057758,-1.47003681891
two,1.59064512518,-2.89739809936
two,1.59064512518,-1.10260190064
two,1.89122314682,-2.06607685057
two,1.89122314684,-1.93392314941
two,1.8912414914,-2.0655887066
two,1.89124149143,-1.9344112934
two,1.90396177323,-1.80691936782
two,1.90396177325,-2.19308063219
two,1.90399324235,-1.80743867333
two,1.90399324237,-2.19256132667
two,1.9252662004,-1.6927926195
two,1.92526620041,-2.3072073805
two,1.92527494325,-2.30773615383
two,1.92527494326,-1.69226384617
two,1.94923214756,-2.40594917862
two,1.94923214756,-1.59405082138
two,1.94929813366,-1.59360290742
two,1.94929813366,-2.40639709258
two,1.9716898927,-2.48862856363
two,1.9716898927,-1.51137143637
two,1.97175997064,-2.48892139562
two,1.97175997064,-1.51107860438
two,1.99096224126,-1.44396906607
two,1.99096224126,-2.55603093393
two,1.99099204815,-2.55617916251
two,1.99099204815,-1.44382083749
two,2.0066201296,-1.39150954982
two,2.0066201296,-2.60849045018
two,2.00662147521,-1.39145201525
two,2.00662147521,-2.60854798475
two,2.01832519822,-1.35398335132
two,2.01832519822,-2.64601664868
two,2.01832676467,-1.35399898676
two,2.01832676467,-2.64600101324
two,2.02561953018,-1.33147692483
two,2.02561953018,-2.66852307517
two,2.02562340341,-1.33147427744
two,2.02562340341,-2.66852572256
two,2.0281044322,-2.67603403867
two,2.0281044322,-1.32396596133
two,2.02941415576,-1.08061629628
two,2.02941415576,-2.91938370372
two,2.29185095085,-1.92139251697
two,2.29185095088,-2.07860748302
two,2.29191308348,-1.92209654549
two,2.29191308349,-2.07790345453
two,2.30563952194,-2.23045162497
two,2.30563952196,-1.76954837503
two,2.30580073255,-2.22965305104
two,2.30580073257,-1.77034694895
two,2.32969800949,-1.6307458718
two,2.32969800949,-2.3692541282
two,2.32986249448,-1.63168820803
two,2.3298624945,-2.36831179197
two,2.35813611961,-2.48981388613
two,2.35813611961,-1.51018611387
two,2.35818272709,-2.48883420476
two,2.3581827271,-1.51116579524
two,2.3855377212,-1.41003220541
two,2.3855377212,-2.58996779459
two,2.38559406531,-1.40924386051
two,2.38559406531,-2.59075613949
two,2.40923679388,-1.32774912826
two,2.40923679389,-2.67225087174
two,2.40927497419,-2.67272813537
two,2.40927497419,-1.32727186463
two,2.42838157628,-1.26365025239
two,2.42838157628,-2.73634974761
two,2.42839706279,-1.26386662144
two,2.42839706279,-2.73613337856
two,2.44258693446,-2.78178327072
two,2.44258693446,-1.21821672928
two,2.44260861034,-2.78171605593
two,2.44260861034,-1.21828394407
two,2.4514186035,-2.80903628663
two,2.4514186035,-1.19096371337
two,2.45141874785,-2.80904743405
two,2.45141874785,-1.19095256595
two,2.45441744509,-1.18186243971
two,2.45441744509,-2.81813756029
two,2.45648907512,-1.05324854581
two,2.45648907512,-2.94675145419
two,2.67993179683,-1.90961694532
two,2.67993179683,-2.09038305467
two,2.68005793242,-2.08941506626
two,2.68005793246,-1.91058493374
two,2.69445297471,-1.73443998614
two,2.69445297473,-2.26556001386
two,2.69482825853,-1.73557905344
two,2.69482825854,-2.26442094657
two,2.72058693762,-2.42737806331
two,2.72058693763,-1.57262193669
two,2.72112743967,-2.42587261024
two,2.72112743967,-1.57412738976
two,2.75281489206,-1.43061598902
two,2.75281489206,-2.56938401098
two,2.75325747992,-1.43251243964
two,2.75325747992,-2.56748756036
two,2.78508542173,-2.68864778762
two,2.78508542173,-1.31135221238
two,2.78524541594,-2.68675901702
two,2.78524541594,-1.31324098298
two,2.81327026137,-2.78516402886
two,2.81327026137,-1.21483597114
two,2.81333184166,-1.21623608229
two,2.81333184166,-2.78376391771
two,2.83586014249,-2.85978275784
two,2.83586014249,-1.14021724216
two,2.83601400401,-2.85898920134
two,2.83601400401,-1.14101079866
two,2.85251342013,-1.08704858151
two,2.85251342013,-2.91295141849
two,2.85269554434,-1.08738294644
two,2.85269554434,-2.91261705356
two,2.86282948968,-1.05518032657
two,2.86282948968,-2.94481967343
two,2.86290851529,-1.05526383571
two,2.86290851529,-2.94473616429
two,2.866327444,-2.95543973823
two,2.866327444,-1.04456026177
two,2.8687813581,-1.02016538625
two,2.8687813581,-2.97983461375
two,3.05303191706,-1.89856500898
two,3.05303191709,-2.10143499101
two,3.05324467036,-2.10013850996
two,3.05324467037,-1.89986149005
two,3.06809509354,-2.29841820715
two,3.06809509355,-1.70158179284
two,3.06878131221,-2.29686758289
two,3.06878131222,-1.70313241711
two,3.09576059705,-1.51810271738
two,3.09576059705,-2.48189728261
two,3.09695771324,-1.52031688255
two,3.09695771325,-2.47968311745
two,3.13104503509,-2.64463549934
two,3.13104503509,-1.35536450066
two,3.13243367463,-2.64132733328
two,3.13243367464,-1.35867266672
two,3.16782598889,-1.21791801695
two,3.16782598889,-2.78208198305
two,3.16880768507,-1.22198114347
two,3.16880768507,-2.77801885653
two,3.20059171016,-2.89291442199
two,3.20059171016,-1.10708557801
two,3.20140141283,-1.11081993165
two,3.20140141283,-2.88918006835
two,3.22666676765,-2.97816482448
two,3.22666676765,-1.02183517552
two,3.22855494262,-1.02467540588
two,3.22855494262,-2.97532459412
two,3.24569586353,-0.961236440175
two,3.24569586353,-3.03876355983
two,3.24640988993,-0.959666960405
two,3.24640988993,-3.04033303959
two,3.25734451567,-3.07516956114
two,3.25734451567,-0.924830438864
two,3.25743856752,-0.924952318046
two,3.25743856752,-3.07504768195
two,3.26136431253,-0.983186844539
two,3.26136431253,-3.01681315546
two,3.26141624383,-3.08713494089
two,3.26141624383,-0.912865059108
two,3.4088461527,-1.88822796819
two,3.40884615271,-2.11177203181
two,3.40917292849,-2.11005797901
two,3.40917292852,-1.889942021
two,3.42431733983,-1.67098315461
two,3.42431733984,-2.3290168454
two,3.42542899815,-1.67303924115
two,3.42542899815,-2.32696075886
two,3.45307675126,-2.53266925474
two,3.45307675127,-1.46733074526
two,3.45528781161,-2.52959970045
two,3.45528781161,-1.47040029955
two,3.49060861713,-1.28480352373
two,3.49060861714,-2.71519647627
two,3.49384834947,-1.29008843488
two,3.49384834947,-2.70991156512
two,3.53149521143,-2.87070740029
two,3.53149521143,-1.12929259971
two,3.53470684421,-2.86283925419
two,3.53470684421,-1.13716074581
two,3.56900820143,-2.99551891268
two,3.56900820143,-1.00448108732
two,3.57359560538,-2.98705122248
two,3.57359560538,-1.01294877752
two,3.59853162187,-3.09086002252
two,3.59853162187,-0.909139977482
two,3.60312363615,-0.90595134134
two,3.60312363615,-3.09404865866
two,3.61981135364,-3.15921864569
two,3.61981135364,-0.840781354308
two,3.6198270973,-3.15849538148
two,3.6198270973,-0.841504618516
two,3.63011871009,-0.946817171133
two,3.63011871009,-3.05318282887
two,3.63285886053,-0.800958613291
two,3.63285886053,-3.19904138671
two,3.63292820816,-0.801030613833
two,3.63292820816,-3.19896938617
two,3.63736457979,-3.21245052335
two,3.63736457979,-0.787549476651
two,3.74521864683,-1.87861065009
two,3.74521864685,-2.1213893499
two,3.74569492827,-2.11913141848
two,3.74569492828,-1.88086858152
two,3.76096945048,-2.35731574893
two,3.76096945048,-1.64268425107
two,3.76264993046,-2.35461991003
two,3.76264993047,-1.64538008997
two,3.79043543941,-1.42041500097
two,3.79043543941,-2.57958499903
two,3.79410654542,-1.42451286055
two,3.79410654542,-2.57548713945
two,3.82933962915,-2.78080320096
two,3.82933962915,-1.21919679904
two,3.83576046038,-2.77293306075
two,3.83576046038,-1.22706693925
two,3.8739075142,-1.04560889585
two,3.8739075142,-2.95439110415
two,3.88201877169,-1.05939492658
two,3.88201877169,-2.94060507342
two,3.91649551164,-3.09256554557
two,3.91649551164,-0.907434454432
two,3.93816573153,-3.08156391736
two,3.93816573153,-0.918436082642
two,3.94930840979,-0.802756924908
two,3.94930840979,-3.19724307509
two,3.9514499303,-3.20012394375
two,3.9514499303,-0.799876056245
two,3.96498466882,-3.0932125642
two,3.96498466882,-0.906787435796
two,3.97267506993,-0.727998462543
two,3.97267506993,-3.27200153746
two,3.97271383312,-3.27144955977
two,3.97271383312,-0.728550440231
two,3.98703401473,-3.31591704765
two,3.98703401473,-0.684082952345
two,3.98709475044,-0.684142013949
two,3.98709475044,-3.31585798605
two,3.99196621349,-3.33065111388
two,3.99196621349,-0.669348886117
two,4.06016066632,-1.86971906528
two,4.06016066632,-2.13028093472
two,4.06083489659,-2.12729281517
two,4.06083489661,-1.87270718484
two,4.07603763983,-1.61674817107
two,4.07603763984,-2.38325182894
two,4.07847764892,-2.37971351633
two,4.07847764892,-1.62028648367
two,4.10580251419,-2.62253859855
two,4.10580251419,-1.37746140144
two,4.11150625103,-1.3828340341
two,4.11150625103,-2.6171659659
two,4.14509013514,-1.15869872344
two,4.14509013515,-2.84130127656
two,4.15653537775,-2.83014592747
two,4.15653537775,-1.16985407253
two,4.19313846553,-3.03327280283
two,4.19313846553,-0.966727197173
two,4.21053498546,-3.01101970469
two,4.21053498546,-0.988980295307
two,4.2412173283,-0.816428747063
two,4.2412173283,-3.18357125294
two,4.25753989405,-0.810364786975
two,4.25753989405,-3.18963521302
two,4.27695984911,-0.703314373801
two,4.27695984911,-3.2966856262
two,4.27849130208,-3.29907351774
two,4.27849130208,-0.700926482259
two,4.29050324886,-0.88798320868
two,4.29050324886,-3.11201679132
two,4.30224908778,-0.622581090417
two,4.30224908778,-3.37741890958
two,4.30228663686,-0.623040582208
two,4.30228663686,-3.37695941779
two,4.31780770036,-0.574923239303
two,4.31780770036,-3.4250767607
two,4.31786085299,-0.574973383284
two,4.31786085299,-3.42502661672
two,4.32314059605,-0.558957020228
two,4.32314059605,-3.44104297977
two,4.35187104386,-1.86154297172
two,4.35187104388,-2.13845702828
two,4.35281295363,-2.13444726866
two,4.35281295363,-1.86555273134
two,4.36767926464,-1.59323717603
two,4.36767926464,-2.40676282397
two,4.37114788222,-2.40205663888
two,4.37114788223,-1.59794336111
two,4.39725119543,-1.33858120543
two,4.39725119543,-2.66141879458
two,4.40576316143,-1.34563481168
two,4.40576316144,-2.65436518832
two,4.43568400506,-1.10335397545
two,4.43568400506,-2.89664602455
two,4.45470935159,-2.88121234674
two,4.45470935159,-1.11878765326
two,4.48781885121,-0.89229743548
two,4.48781885121,-3.10770256452
two,4.52201572393,-3.07305813302
two,4.52201572393,-0.926941866983
two,4.54141415111,-3.26792784527
two,4.54141415111,-0.732072154734
two,4.55339155791,-3.27415835033
two,4.55339155791,-0.725841649675
two,4.57790474991,-3.14545583659
two,4.57790474991,-0.854544163409
two,4.5795601666,-0.611422686325
two,4.5795601666,-3.38857731367
two,4.5807783099,-0.609440796526
two,4.5807783099,-3.39055920347
two,4.6065790559,-0.525217893021
two,4.6065790559,-3.47478210698
two,4.60661180601,-0.525601054987
two,4.60661180601,-3.47439894501
two,4.61876422392,-1.85402487928
two,4.61876422392,-2.14597512072
two,4.62008124063,-2.14044856213
two,4.62008124064,-1.85955143787
two,4.62324136968,-3.52587560123
two,4.62324136968,-0.474124398769
two,4.62328663601,-3.52583358919
two,4.62328663601,-0.474166410807
two,4.62894467132,-3.54297823121
two,4.62894467132,-0.457021768787
two,4.63425147211,-1.57216608646
two,4.63425147212,-2.42783391355
two,4.63915572277,-2.42139134865
two,4.63915572278,-1.57860865135
two,4.66300756241,-2.6961525757
two,4.66300756242,-1.3038474243
two,4.67545239661,-1.31333698966
two,4.67545239661,-2.68666301034
two,4.69885381897,-1.05305279092
two,4.69885381897,-2.94694720908
two,4.72919373807,-2.92540280552
two,4.72919373808,-1.07459719448
two,4.75746863415,-3.1776316495
two,4.75746863415,-0.822368350504
two,4.81532233694,-0.655013476263
two,4.81532233694,-3.34498652374
two,4.81873193301,-3.11292813163
two,4.81873193301,-0.887071868367
two,4.82006462942,-3.19174403683
two,4.82006462942,-0.808255963168
two,4.82470221567,-0.649690907607
two,4.82470221567,-3.35030909239
two,4.85531774683,-0.527649285742
two,4.85531774683,-3.47235071426
two,4.85629674122,-0.526035997787
two,4.85629674122,-3.47396400221
two,4.85951519483,-1.84698904119
two,4.85951519484,-2.15301095881
two,4.86138928346,-2.14502741863
two,4.86138928346,-1.85497258136
two,4.87432828822,-1.55340856921
two,4.87432828822,-2.4465914308
two,4.88134512219,-2.43730059138
two,4.88134512219,-1.56269940861
two,4.88387629498,-3.56350304857
two,4.88387629498,-0.43649695143
two,4.8839035086,-3.56319055735
two,4.8839035086,-0.436809442647
two,4.90145686651,-1.27314625118
two,4.90145686651,-2.72685374882
two,4.90154334469,-3.61772091756
two,4.90154334469,-0.382279082444
two,4.90158061818,-0.382313359737
two,4.90158061818,-3.61768664026
two,4.90758413478,-0.364141350445
two,4.90758413478,-3.63585864955
two,4.91961529461,-1.286673245
two,4.91961529461,-2.713326755
two,4.93210699156,-1.00727425244
two,4.93210699156,-2.99272574756
two,4.97961331022,-1.03929356407
two,4.97961331022,-2.96070643593
two,5.00168980291,-0.758433365691
two,5.00168980291,-3.24156663431
two,5.04625796776,-0.748090450205
two,5.04625796776,-3.2519095498
two,5.0612208747,-3.41416973798
two,5.0612208747,-0.585830262024
two,5.06852767936,-3.41841326465
two,5.06852767936,-0.581586735352
two,5.07075601837,-3.1292853152
two,5.07075601837,-0.870714684798
two,5.07313489499,-1.83993356481
two,5.07313489499,-2.16006643519
two,5.07591479589,-2.14755388394
two,5.0759147959,-1.85244611606
two,5.08668536685,-2.46353536545
two,5.08668536685,-1.53646463455
two,5.09708413917,-2.44887545212
two,5.09708413917,-1.55112454788
two,5.1025977007,-0.452506898058
two,5.1025977007,-3.54749310194
two,5.10336611805,-0.451235686271
two,5.10336611805,-3.54876431373
two,5.11100777597,-2.75419849236
two,5.11100777597,-1.24580150764
two,5.13235572688,-0.963972605188
two,5.13235572688,-3.03602739481
two,5.13251294349,-0.356944267046
two,5.13251294349,-3.64305573295
two,5.13253460548,-0.357190640765
two,5.13253460548,-3.64280935923
two,5.13798780833,-1.26735510603
two,5.13798780833,-2.73264489397
two,5.15108069155,-3.70007337482
two,5.15108069155,-0.299926625181
two,5.15111021355,-0.299953633771
two,5.15111021355,-3.70004636623
two,5.15742397977,-0.280860823593
two,5.15742397977,-3.71913917641
two,5.20453477592,-2.98058830811
two,5.20453477592,-1.01941169189
two,5.21856600343,-3.29753620643
two,5.21856600343,-0.702463793566
two,5.25135224417,-3.30477716304
two,5.25135224417,-0.695222836955
two,5.25900950443,-1.83126774228
two,5.25900950443,-2.16873225772
two,5.26343978964,-2.14610711562
two,5.26343978964,-1.85389288438
two,5.27010097777,-2.48029315873
two,5.27010097777,-1.51970684128
two,5.27753039723,-0.524994609914
two,5.27753039723,-3.47500539009
two,5.28302176604,-0.52179173511
two,5.28302176604,-3.47820826489
two,5.28443537309,-0.858309172392
two,5.28443537309,-3.14169082761
two,5.28642362128,-1.54669969335
two,5.28642362128,-2.45330030665
two,5.28959942577,-1.21952795128
two,5.28959942577,-2.78047204872
two,5.29611520841,-3.0845214239
two,5.29611520841,-0.915478576101
two,5.31993634151,-0.386450589891
two,5.31993634151,-3.61354941011
two,5.3205148159,-0.385492430698
two,5.3205148159,-3.6145075693
two,5.32994948611,-1.26096925939
two,5.32994948611,-2.73903074061
two,5.35102977748,-0.287028501675
two,5.35102977748,-3.71297149832
two,5.35104619482,-3.7127857789
two,5.35104619482,-0.287214221101
two,5.37038911371,-0.227550402089
two,5.37038911371,-3.77244959791
two,5.37041141762,-3.7724292517
two,5.37041141762,-0.227570748296
two,5.37699813827,-0.207668904607
two,5.37699813827,-3.79233109539
two,5.38983432381,-1.01924813772
two,5.38983432381,-2.98075186228
two,5.4055451805,-0.655171080961
two,5.4055451805,-3.34482891904
two,5.4154991237,-2.18457506825
two,5.4154991237,-1.81542493175
two,5.42191656376,-2.50215823917
two,5.42191656376,-1.49784176083
two,5.42253071028,-2.13383965389
two,5.42253071028,-1.86616034611
two,5.42790300526,-3.13133118439
two,5.42790300526,-0.868668815614
two,5.42864457836,-0.650365637535
two,5.42864457836,-3.34963436246
two,5.43451307761,-2.81276577305
two,5.43451307761,-1.18723422695
two,5.44578970356,-1.55843381699
two,5.44578970356,-2.44156618301
two,5.46287372635,-3.52711109696
two,5.46287372635,-0.472888903037
two,5.46676958926,-3.52938208435
two,5.46676958926,-0.470617915645
two,5.47173573215,-3.16126387103
two,5.47173573215,-0.838736128968
two,5.4833607381,-1.27460430891
two,5.4833607381,-2.72539569109
two,5.50605009435,-3.67012285657
two,5.50605009435,-0.329877143429
two,5.50646047533,-0.329197114945
two,5.50646047533,-3.67080288505
two,5.53057220193,-2.97466432953
two,5.53057220193,-1.02533567047
two,5.53291332711,-2.21781939169
two,5.53291332711,-1.78218060831
two,5.5370025832,-2.53986677043
two,5.5370025832,-1.46013322957
two,5.53814443457,-0.227160453489
two,5.53814443457,-3.77283954651
two,5.53815612252,-0.227292258982
two,5.53815612252,-3.77270774102
two,5.54001464962,-2.10229389144
two,5.54001464962,-1.89770610856
two,5.55159357363,-1.1415963616
two,5.55159357363,-2.8584036384
two,5.55180849465,-3.16346382263
two,5.55180849465,-0.836536177371
two,5.55818164395,-0.165575151764
two,5.55818164395,-3.83442484824
two,5.55819749057,-0.165589584597
two,5.55819749057,-3.8344104154
two,5.55920755773,-1.58766848441
two,5.55920755774,-2.41233151558
two,5.56064534315,-3.38353298851
two,5.56064534315,-0.616467011485
two,5.56501811685,-0.14499510649
two,5.56501811685,-3.85500489351
two,5.57565368899,-3.38656132006
two,5.57565368899,-0.613438679941
two,5.59036139302,-1.29674128181
two,5.59036139302,-2.70325871819
two,5.61115119596,-0.813923034191
two,5.61115119596,-3.18607696581
two,5.61277198497,-2.26407468307
two,5.61277198497,-1.73592531693
two,5.61566392894,-2.05963862689
two,5.61566392894,-1.94036137311
two,5.61608971518,-0.429824597505
two,5.61608971519,-3.5701754025
two,5.61862818648,-0.428346180501
two,5.61862818648,-3.5716538195
two,5.62245158257,-2.58673304411
two,5.62245158257,-1.41326695589
two,5.63117732143,-2.37635535936
two,5.63117732143,-1.62364464064
two,5.63323994671,-2.9651802979
two,5.63323994671,-1.0348197021
two,5.64377735198,-1.09811916908
two,5.64377735198,-2.90188083092
two,5.65326240231,-0.811929462107
two,5.65326240231,-3.18807053789
two,5.6569208261,-2.01882184004
two,5.6569208261,-1.98117815996
two,5.659228341,-1.32236009626
two,5.659228341,-2.67763990374
two,5.65984183933,-0.283124367851
two,5.65984183933,-3.71687563215
two,5.66010914478,-3.71731865681
two,5.66010914478,-0.282681343186
two,5.66016292333,-2.30625308128
two,5.66016292333,-1.69374691872
two,5.66677768138,-2.34150952507
two,5.66677768138,-1.65849047493
two,5.67628865436,-2.62614026125
two,5.67628865436,-1.37385973875
two,5.68245842008,-0.586247566957
two,5.68245842008,-3.41375243304
two,5.68970645327,-2.65390970941
two,5.68970645327,-1.34609029059
two,5.6910011519,-0.584537490037
two,5.6910011519,-3.41546250996
two,5.69275885852,-3.82230855868
two,5.69275885852,-0.177691441324
two,5.69276648658,-0.177777306043
two,5.69276648658,-3.82222269396
two,5.70067057568,-2.95063864703
two,5.70067057568,-1.04936135297
two,5.70353114608,-1.06219421829
two,5.70353114609,-2.93780578171
two,5.70889196465,-3.20416491762
two,5.70889196465,-0.795835082385
two,5.71335623536,-0.114364543223
two,5.71335623536,-3.88563545678
two,5.7133665642,-0.114373942603
two,5.7133665642,-3.8856260574
two,5.72038057568,-3.90679278022
two,5.72038057568,-0.0932072197791
two,5.72530756665,-2.94802774543
two,5.72530756665,-1.05197225457
two,5.72704265481,-3.20527939074
two,5.72704265481,-0.79472060926
two,5.73623018809,-0.39605721079
two,5.73623018809,-3.60394278921
two,5.73767797196,-3.60478570493
two,5.73767797196,-0.395214295067
two,5.7672552106,-0.784809913383
two,5.7672552106,-3.21519008662
two,5.77004225602,-3.43543396219
two,5.77004225602,-0.564566037814
two,5.77172340179,-0.784501400731
two,5.77172340179,-3.21549859927
two,5.77387052141,-3.43620000731
two,5.77387052141,-0.563799992691
two,5.78040598301,-3.75352968101
two,5.78040598301,-0.246470318993
two,5.78055841298,-0.246217660301
two,5.78055841298,-3.7537823397
two,5.81396571819,-0.138911565411
two,5.81396571819,-3.86108843459
two,5.81397007297,-0.138960532858
two,5.81397007297,-3.86103946714
two,5.82256276843,-0.371791145536
two,5.82256276843,-3.62820885446
two,5.8228146873,-3.44848835254
two,5.8228146873,-0.551511647455
two,5.82321254879,-0.371412867596
two,5.82321254879,-3.6285871324
two,5.82377647528,-3.44868094561
two,5.82377647528,-0.55131905439
two,5.83500224611,-3.92578093371
two,5.83500224611,-0.0742190662944
two,5.83500813801,-3.92577557428
two,5.83500813801,-0.0742244257247
two,5.84217381162,-0.0526091538781
two,5.84217381162,-3.94739084612
two,5.86703312027,-0.22013262766
two,5.86703312027,-3.77986737234
two,5.86710153084,-0.220019228592
two,5.86710153084,-3.77998077141
two,5.87456916445,-0.357173039665
two,5.87456916445,-3.64282696034
two,5.87473256051,-0.357077918635
two,5.87473256051,-3.64292208137
two,5.90105372045,-3.8889518399
two,5.90105372045,-0.111048160096
two,5.90105567602,-0.111070137509
two,5.90105567602,-3.88892986249
two,5.91921392045,-3.79573258723
two,5.91921392045,-0.204267412769
two,5.91923112335,-3.79576110376
two,5.91923112335,-0.204238896236
two,5.92240579194,-3.95462572143
two,5.92240579194,-0.0453742785688
two,5.92240843664,-3.95462331622
two,5.92240843664,-0.0453766837767
two,5.92968311201,-0.0234391530331
two,5.92968311201,-3.97656084697
two,5.95351179514,-3.90573546591
two,5.95351179514,-0.0942645340859
two,5.95351228701,-3.90572993927
two,5.95351228701,-0.0942700607267
two,5.97505393964,-3.97200057208
two,5.97505393964,-0.0279994279191
two,5.97505460473,-3.97199996726
two,5.97505460473,-0.0280000327405
two,5.98239495028,-0.00586839776723
two,5.98239495028,-3.99413160223
